index,in,class,name,val_2018_1,val_2018_2,val_2018_3,val_2018_4,val_2019_1,val_2019_2,val_2019_3,val_2019_4
1,가습기살균제사건과4․16세월호참사특별조사위원회,부위원장,최예용,1439133,340339,19010,549391,1359133,365412,19010,549391
2,가습기살균제사건과4․16세월호참사특별조사위원회,상임위원,문호승,2597372,323176,3000,88688,2685946,328854,3000,85073
3,가습기살균제사건과4․16세월호참사특별조사위원회,상임위원,양순필,472000,108249,40450,109244,472000,115963,35190,95000
4,가습기살균제사건과4․16세월호참사특별조사위원회,상임위원,황전원,284095,32257,17300,509661,352342,24890,14070,503584
5,가습기살균제사건과4․16세월호참사특별조사위원회,위원장,장완익,2021472,1077190,3540,279997,2021472,1024694,3540,279997
6,감사원,감사위원,강민아,98578,1142542,12020,498812,98909,826226,12020,441332
7,감사원,감사위원,김상규,708000,165719,10230,258422,758000,175610,8840,260074
8,감사원,감사위원,김진국,1465969,265974,18200,0,1690090,252717,13540,0
9,감사원,감사위원,손창동,436000,147517,13070,215910,454000,144579,11250,185350
10,감사원,감사위원,이준호,3525552,490050,61600,2043666,3509749,374239,4500,1283666
11,감사원,감사위원,정길영,1170148,400086,25000,142288,1533148,356592,22000,408156
12,감사원,공직감찰본부장,최성호,1082726,90255,8220,242423,1132806,74704,7430,250318
13,감사원,사무총장,김종호,944571,283256,5160,290477,980301,288978,4690,203650
14,감사원,원장,최재형,703000,978838,12420,0,734000,1048879,10410,157449
15,감사원,제1사무차장,박찬석,925893,479959,3200,126000,2492514,376242,3000,1172992
16,감사원,제2사무차장,유희상,1787417,428922,23730,523985,1897726,407787,19910,537185
17,감사원감사교육원,원장,남궁기정,1279060,352975,13700,787813,1279060,237303,17900,757964
18,강원도,경제부지사,정만호,697466,405941,3270,25000,704680,463446,2520,25000
19,강원도,도지사,최문순,553000,747029,207547,0,588000,773179,182720,0
20,강원도강릉시,시장,김한근,576080,715944,46340,676448,596117,678015,42810,763113
21,강원도강원도립대학교,총장,송승철,340855,1089436,9570,0,356433,1201525,8730,0
22,강원도고성군,군수,이경일,2192386,725197,17664,599500,2346467,733288,17664,592000
23,강원도교육청,교육감,민병희,317214,114140,65760,22000,340661,118848,53160,22000
24,강원도동해시,시장,심규언,193388,476300,52422,0,196742,442569,29859,0
25,강원도삼척시,시장,김양호,135938,85508,12496,139040,216398,144610,25242,129067
26,강원도속초시,시장,김철수,208503,298751,26711,168669,208503,276064,16559,33433
27,강원도양구군,군수,조인묵,164656,100879,19710,309110,164656,157448,19710,346303
28,강원도양양군,군수,김진하,62751,152532,33754,15000,66140,154064,11265,0
29,강원도영월군,군수,최명서,213921,398266,19607,2649,226972,525464,11396,2346
30,강원도원주시,시장,원창묵,764068,676386,16078,454225,790347,712548,12360,434845
31,강원도의회,의원,곽도영,60154,0,12000,99987,60154,20539,12000,97385
32,강원도의회,의원,권순성,179060,304649,37861,423460,179060,328057,37861,443626
33,강원도의회,의원,김경식,380095,245683,26720,52604,301932,301341,26620,50263
34,강원도의회,의원,김규호,200000,153873,11040,7529,200000,185985,9000,267
35,강원도의회,의원,김병석,137000,107252,10000,178784,137000,142946,10000,193230
36,강원도의회,의원,김상용,6933,5701,0,1300,6933,12227,21800,24664
37,강원도의회,의원,김수철,107000,52699,23144,162083,107000,85182,23144,118267
38,강원도의회,의원,김정중,1041312,204195,32000,672012,862312,177608,83800,437319
39,강원도의회,의원,김준섭,255905,35523,35222,180181,254465,30109,33222,186428
40,강원도의회,의원,김진석,20000,1950,0,0,20000,1565,0,0
41,강원도의회,의원,김혁동,140971,823283,18130,7354,140438,823685,16320,6438
42,강원도의회,의원,김형원,75443,96870,32900,58447,75443,106699,32900,76558
43,강원도의회,의원,나일주,100000,385823,57000,124875,182700,382263,52600,154387
44,강원도의회,의원,남상규,319518,102660,17440,82886,336518,103413,39170,52508
45,강원도의회,의원,박병구,5000,15465,9200,42632,20000,13817,10907,35852
46,강원도의회,의원,박상수,67000,7021,7226,78999,67000,21789,7226,45000
47,강원도의회,의원,박윤미,473392,114842,57540,309841,612390,112466,36370,458672
48,강원도의회,의원,박인균,22900,42870,42000,19893,22900,48480,42000,48711
49,강원도의회,의원,박효동,545041,94329,19421,546492,545041,71514,18220,549161
50,강원도의회,의원,반태연,287876,281162,1307,193499,287876,285280,1307,195339
51,강원도의회,의원,신도현,574567,247487,32174,317248,611063,282849,49589,410463
52,강원도의회,의원,신명순,410728,421889,31735,0,410728,456465,30654,0
53,강원도의회,의원,신영재,186000,141255,17410,146621,232932,190212,14920,134754
54,강원도의회,의원,심상화,1427856,437889,6767,973660,1427856,463181,5267,968369
55,강원도의회,의원,심영미,1607000,221504,139300,1064370,1558460,207835,139300,1008575
56,강원도의회,의원,심영섭,1315871,199920,35559,666310,1419917,193439,64157,693938
57,강원도의회,의원,안미모,373461,1367978,34490,105874,581155,1194917,28350,3000
58,강원도의회,의원,원태경,186394,95260,6500,184054,93500,103773,6500,175428
59,강원도의회,의원,위호진,849601,352819,6423,567957,849601,514129,16336,600118
60,강원도의회,의원,윤석훈,313148,66466,14130,360143,315448,76313,21780,396437
61,강원도의회,의원,윤지영,774366,219458,22207,32422,774366,279589,22207,28124
62,강원도의회,의원,이병헌,343282,178040,28630,362785,343282,169230,28660,373316
63,강원도의회,의원,이상호,18000,70877,6980,36110,18000,71774,6980,73512
64,강원도의회,의원,이종주,189000,429047,18870,2906,189000,465541,12390,0
65,강원도의회,의원,장덕수,71678,92590,19750,179379,71678,91057,19750,173936
66,강원도의회,의원,정수진,248163,76698,18188,416721,257536,92838,26150,410371
67,강원도의회,의원,정유선,460000,379675,20160,406443,464000,491997,20160,420921
68,강원도의회,의원,조성호,2209994,256901,42010,360501,2214994,289955,42010,358150
69,강원도의회,의원,조형연,187091,11558,30000,146965,187091,10513,14000,124423
70,강원도의회,의원,주대하,460880,583116,6572,70162,460880,594568,6572,0
71,강원도의회,의원,최재연,916973,83395,119333,375268,916973,151699,119333,253752
72,강원도의회,의원,최종희,1528142,254237,35287,184800,1498643,408261,33287,154000
73,강원도의회,의원,한창수,281258,177480,27830,362820,281258,187408,28130,335863
74,강원도의회,의원,함종국,201667,379428,18600,90390,286133,364856,47000,161130
75,강원도의회,의원,허소영,0,50222,4870,0,0,89742,4870,0
76,강원도의회,의장,한금석,353632,227114,1796,46720,374239,237968,1796,40880
77,강원도인제군,군수,최상기,541388,177309,16120,708930,541388,144580,9176,730492
78,강원도정선군,군수,최승준,251199,44341,7734,50572,251199,54219,7734,0
79,강원도철원군,군수,이현종,0,609878,1542,0,71564,480575,1297,0
80,강원도춘천시,시장,이재수,183000,280555,14550,381736,190000,295260,26266,412235
81,강원도태백시,시장,류태호,158270,81253,8881,42796,159870,102103,31655,35372
82,강원도평창군,군수,한왕기,127646,349761,18552,284763,162804,331177,16621,130341
83,강원도홍천군,군수,허필홍,393342,149043,20650,1745,393342,191689,15087,1745
84,강원도화천군,군수,최문순,192812,394933,12792,251430,206594,222403,10863,208979
85,강원도횡성군,군수,한규호,483840,506354,15909,30000,521670,505564,13705,80000
86,개인정보보호위원회,상임위원,김일재,1758000,585844,22900,172700,1890000,706792,16800,100840
87,경기도,도지사,이재명,887000,2095289,26310,225174,887000,1938197,26309,0
88,경기도,소방재난본부장,이재열,262000,211478,5590,37890,264000,440960,5040,141390
89,경기도,평화부지사,이화영,911840,379304,0,300000,416000,620288,0,0
90,경기도,행정1부지사,김희겸,580558,622248,3820,62295,651151,660333,3370,118065
91,경기도,행정2부지사,이화순,1593500,616354,28850,554973,1883100,751416,36590,573290
92,경기도가평군,군수,김성기,202333,172456,6807,6600,205770,313196,5732,76346
93,경기도고양시,시장,이재준,1862974,247311,35227,456317,1893513,221890,25694,386403
94,경기도과천시,시장,김종천,850500,267349,39074,247386,850500,265817,39074,290756
95,경기도광명시,시장,박승원,20000,39505,7710,41523,25000,108532,6470,3803
96,경기도광주시,시장,신동헌,1216430,245589,6305,199741,1216430,671452,6228,764984
97,경기도교육청,교육감,이재정,380000,361921,5940,200000,380000,375496,4880,40000
98,경기도구리시,시장,안승남,216000,233287,1200,230174,216000,258796,1000,206264
99,경기도군포시,시장,한대희,173000,609711,3270,46006,173000,644968,3270,41483
100,경기도김포시,시장,정하영,1144317,41668,8351,1246908,1144317,32253,8351,1242989
101,경기도남양주시,시장,조광한,655913,1397252,0,0,699913,1358550,7880,31728
102,경기도동두천시,시장,최용덕,639098,327086,17258,222058,640098,408590,17258,200000
103,경기도부천시,시장,장덕천,249000,391496,0,158000,249000,580523,26603,358000
104,경기도성남시,시장,은수미,410000,192158,0,410000,410000,319116,0,300000
105,경기도수원시,시장,염태영,1009773,307632,34750,100000,1225089,541153,25830,147378
106,경기도시흥시,시장,임병택,353006,294988,19200,65430,483777,242597,8820,35430
107,경기도안산시,시장,윤화섭,538638,352329,7322,626211,543639,303712,13000,371221
108,경기도안성시,시장,우석제,2987757,573633,11270,1176905,3101024,594000,10274,1116430
109,경기도안양시,시장,최대호,1968548,4435943,336240,1614897,1976445,4458583,195061,1268443
110,경기도양주시,시장,이성호,169000,410392,46227,117609,172000,381702,97787,102766
111,경기도양평군,군수,정동균,1862003,438069,212533,605241,1920800,147068,66853,578355
112,경기도여주시,시장,이항진,68278,87837,2361,64330,65312,44297,2098,88674
113,경기도연천군,군수,김광철,588589,62172,19000,271859,596349,77276,11522,271600
114,경기도오산시,시장,곽상욱,180000,336521,14671,58476,180000,365507,14671,144344
115,경기도용인시,시장,백군기,4162022,534306,92098,1466567,3582022,668914,80931,1496567
116,경기도의왕시,시장,김상돈,2197266,1097233,417200,353000,2360898,1599485,232934,379572
117,경기도의정부시,시장,안병용,316000,485649,16830,168000,316000,547361,975,147840
118,경기도의회,의원,강태형,188000,37132,2020,171264,60000,34470,2020,79842
119,경기도의회,의원,고은정,169897,101137,3200,41700,169897,107046,25000,63095
120,경기도의회,의원,고찬석,313880,352262,25580,77003,316383,406549,27500,66393
121,경기도의회,의원,국중범,131577,81200,9000,40582,134106,129647,8500,43913
122,경기도의회,의원,국중현,889117,54754,20000,248000,684363,593431,20000,358585
123,경기도의회,의원,권락용,1090000,235210,0,520000,1204700,218916,0,600000
124,경기도의회,의원,권재형,208000,25827,10000,240041,204000,66903,37620,264438
125,경기도의회,의원,권정선,997274,107195,5910,712000,1077274,97924,5030,745000
126,경기도의회,의원,김강식,291000,126580,2041,281780,291000,164284,40570,289559
127,경기도의회,의원,김경근,350056,68869,44200,276061,350056,134876,44325,310410
128,경기도의회,의원,김경일,40000,0,8610,0,57597,61111,8610,27740
129,경기도의회,의원,김경호,101230,163591,45869,138869,320780,252508,35859,125171
130,경기도의회,의원,김경희,290000,297160,4660,27804,290000,84533,4000,27804
131,경기도의회,의원,김규창,858097,122968,46720,409134,929394,91903,99770,401874
132,경기도의회,의원,김달수,372205,93170,34000,92935,428160,102250,27800,121372
133,경기도의회,의원,김동철,5000,3694,13453,118153,5000,10961,13453,88245
134,경기도의회,의원,김명원,526000,95395,13000,340900,526000,152191,11000,338658
135,경기도의회,의원,김미리,369000,37336,0,310000,450000,42429,3110,487252
136,경기도의회,의원,김미숙,2734220,1099101,50600,775000,2734220,1183469,50600,775000
137,경기도의회,의원,김봉균,158104,180730,12000,120830,158104,173490,24000,197463
138,경기도의회,의원,김성수,261152,111471,5990,269451,300355,91476,2800,281859
139,경기도의회,의원,김영준,20000,31418,2000,22252,34940,56081,2000,19734
140,경기도의회,의원,김영해,21339,135290,12150,17323,21339,151316,10340,21134
141,경기도의회,의원,김용성,306890,219049,20800,137093,318890,166463,19300,135314
142,경기도의회,의원,김용찬,2690451,247073,18860,1942162,2588617,124430,18360,1832511
143,경기도의회,의원,김우석,147523,13509,26490,52202,249365,10270,18220,71816
144,경기도의회,의원,김원기,182420,298225,500,142420,324840,158599,500,269720
145,경기도의회,의원,김은주,305823,294894,36341,71565,305823,275131,36341,71288
146,경기도의회,의원,김인순,6918257,654181,83420,4146652,6871537,807302,83420,3936897
147,경기도의회,의원,김인영,2116610,225210,14200,66498,2116610,297677,14200,31402
148,경기도의회,의원,김장일,1695639,230847,33750,30000,1781158,449100,33750,46500
149,경기도의회,의원,김재균,61700,37556,9507,30592,64500,76752,2773,20245
150,경기도의회,의원,김종배,2431298,2074925,30000,615405,2553141,2213898,82860,703803
151,경기도의회,의원,김종찬,698000,140925,6570,739997,735000,172374,6220,769843
152,경기도의회,의원,김중식,551954,618713,48277,432869,553953,674738,48277,475768
153,경기도의회,의원,김지나,397000,105127,9660,257007,397000,129760,30980,265691
154,경기도의회,의원,김직란,1056868,357521,55970,504895,1025868,390551,53750,507782
155,경기도의회,의원,김진일,798000,125067,17960,434111,798000,124897,28960,526832
156,경기도의회,의원,김철환,317245,166418,26000,324601,302245,170635,25240,313640
157,경기도의회,의원,김태형,564800,332178,45035,186985,643120,265392,37260,150929
158,경기도의회,의원,김판수,2592931,880990,64780,1894535,2592931,778301,64780,1820640
159,경기도의회,의원,김현삼,383680,37060,6390,236366,376083,44988,5490,207717
160,경기도의회,의원,남운선,333000,404652,0,290000,180000,843833,0,20000
161,경기도의회,의원,남종섭,289678,74142,4000,112454,294558,86611,31800,163298
162,경기도의회,의원,문경희,322352,166498,22644,90000,328566,186057,22644,85000
163,경기도의회,의원,문형근,4700865,167994,49620,3585833,4761894,234047,49620,3770951
164,경기도의회,의원,민경선,430455,400776,2000,0,1240715,64334,1000,454000
165,경기도의회,의원,박관열,33778,7308,12400,9886,33778,5697,12398,0
166,경기도의회,의원,박근철,318000,433049,63466,48901,323000,582691,20693,43353
167,경기도의회,의원,박덕동,1469526,654488,0,334790,1747172,674347,0,527106
168,경기도의회,의원,박성훈,557000,73024,12300,381152,808000,41334,15520,588432
169,경기도의회,의원,박세원,92600,45739,59000,88740,92600,63795,59000,71740
170,경기도의회,의원,박옥분,318000,415133,22940,0,425000,459131,19950,0
171,경기도의회,의원,박윤영,1533678,227625,13470,588395,1548484,212671,13130,647871
172,경기도의회,의원,박재만,2608941,133126,12593,2039468,2597918,137357,10631,2106410
173,경기도의회,의원,박창순,92183,196460,10400,60000,113755,183246,12400,30000
174,경기도의회,의원,박태희,137000,150207,32700,130610,122000,170198,30260,117342
175,경기도의회,의원,방재율,1600000,214933,41290,1199320,1680000,225671,40890,1215034
176,경기도의회,의원,배수문,410000,94223,20000,261106,410000,105289,17000,267931
177,경기도의회,의원,백승기,68470,257310,65280,237296,68470,236378,65280,215410
178,경기도의회,의원,서현옥,98161,77156,22504,50120,92510,98354,21204,92008
179,경기도의회,의원,서형열,120000,116568,6000,60550,473742,260166,10000,462239
180,경기도의회,의원,성수석,420044,342464,30250,215412,420044,338266,30250,212646
181,경기도의회,의원,성준모,1268020,394785,22850,839030,1338562,349632,19850,833426
182,경기도의회,의원,소영환,424000,128664,3000,155063,691815,117597,2800,95423
183,경기도의회,의원,손희정,629000,67644,6440,483077,686000,50126,5400,561838
184,경기도의회,의원,송영만,1794422,217485,56224,1463851,1784670,225266,56224,1232841
185,경기도의회,의원,송치용,294800,1348808,53880,735863,299242,1321492,64950,612518
186,경기도의회,의원,신정현,365000,91064,0,226816,234000,96606,0,225931
187,경기도의회,의원,심규순,296752,195104,50452,131033,288821,222333,60538,116324
188,경기도의회,의원,심민자,10000,48394,16000,11130,30000,53602,16000,31671
189,경기도의회,의원,안광률,706418,282280,7050,88418,708210,363164,7050,86144
190,경기도의회,의원,안기권,158897,68012,8990,213857,159897,62686,7990,190059
191,경기도의회,의원,안혜영,672196,370037,12260,163330,667254,396101,9930,170830
192,경기도의회,의원,양경석,1515348,247028,7812,229479,1558204,263800,16834,226197
193,경기도의회,의원,양운석,168811,201734,16480,200802,168811,78837,43190,171474
194,경기도의회,의원,양철민,1810000,258228,121370,681685,1810000,346026,55130,679325
195,경기도의회,의원,엄교섭,583662,317316,35602,736505,653857,420360,36240,852362
196,경기도의회,의원,염종현,336000,171600,18668,108181,353000,180687,12500,76962
197,경기도의회,의원,오광덕,82479,77826,35000,117502,89809,73745,53090,130117
198,경기도의회,의원,오명근,1889585,1501935,26579,83671,2216394,1831476,71579,576666
199,경기도의회,의원,오지혜,207394,87069,107210,184177,214394,87400,54187,130776
200,경기도의회,의원,오진택,57000,117157,73600,234311,57000,130342,79724,216298
201,경기도의회,의원,왕성옥,90000,63734,8000,170760,90000,29612,14050,115250
202,경기도의회,의원,원미정,370656,52134,17800,98798,371320,52177,17800,97000
203,경기도의회,의원,원용희,30000,403134,2700,17004,30000,400219,2700,11661
204,경기도의회,의원,유광국,432187,156055,40390,119010,432187,168951,40390,104435
205,경기도의회,의원,유광혁,203000,149939,25400,180057,203000,144886,5920,86313
206,경기도의회,의원,유근식,697000,0,8000,0,589224,151635,98095,281079
207,경기도의회,의원,유상호,382266,41261,54200,287185,299169,330153,32506,259940
208,경기도의회,의원,유영호,373000,462262,42770,65000,373000,472893,35080,11500
209,경기도의회,의원,윤용수,163259,143090,6560,39024,163259,140785,8660,37239
210,경기도의회,의원,이기형,1071082,97819,28880,270585,1071082,95852,24920,236031
211,경기도의회,의원,이나영,0,2916,21690,76294,0,7111,16630,61322
212,경기도의회,의원,이동현,359660,5274,4000,300583,483899,10485,27610,262129
213,경기도의회,의원,이명동,1048474,229767,15140,538424,876545,257365,35600,597168
214,경기도의회,의원,이선구,440000,171771,2510,171050,440000,193105,2510,148053
215,경기도의회,의원,이애형,2766373,1257437,0,1041616,2766373,1302624,25900,911558
216,경기도의회,의원,이영봉,36863,58595,18610,150454,36863,44978,18610,105227
217,경기도의회,의원,이영주,319120,59800,1000,86500,361403,156814,27870,118809
218,경기도의회,의원,이원웅,712971,14915,11420,105590,708847,17289,11420,126874
219,경기도의회,의원,이은주,5654448,511531,47224,956254,4489888,410564,44234,1584293
220,경기도의회,의원,이종인,464629,94082,28730,212820,476312,261138,28730,359130
221,경기도의회,의원,이진,511580,524934,77270,130000,511580,587761,66280,162772
222,경기도의회,의원,이진연,205000,76526,0,89750,212000,86168,0,79694
223,경기도의회,의원,이창균,860192,40964,6710,571813,869192,44381,8220,578539
224,경기도의회,의원,이필근A,115147,193614,0,140000,115147,223500,16450,133802
225,경기도의회,의원,이필근B,202274,521576,17000,100000,197719,435060,15800,100000
226,경기도의회,의원,이혜원,50110,6494,2820,117912,51495,11931,23510,125084
227,경기도의회,의원,임성환,310000,79771,18500,223705,644603,193156,16500,0
228,경기도의회,의원,임창열,976028,670353,49522,631000,981861,717264,53822,720750
229,경기도의회,의원,임채철,1294000,377857,0,1202720,1164000,425636,0,1085241
230,경기도의회,의원,장대석,1453601,273487,24090,140372,1385004,272969,52690,140580
231,경기도의회,의원,장동일,327887,1705070,0,16400,318211,1820186,0,16400
232,경기도의회,의원,장태환,600000,166483,4000,247777,600100,181685,40100,224790
233,경기도의회,의원,장현국,190000,67362,23000,116899,190000,104979,1880,66269
234,경기도의회,의원,전승희,885160,507415,0,9459,661980,651368,0,77172
235,경기도의회,의원,정대운,185000,78200,19210,49932,185000,85705,16460,33200
236,경기도의회,의원,정승현,294485,385251,22510,269995,318815,372867,18700,503932
237,경기도의회,의원,정윤경,150000,122349,12000,184000,154000,166609,12000,169402
238,경기도의회,의원,정희시,1193000,324711,0,0,1348000,322646,0,10000
239,경기도의회,의원,조광주,71000,109048,1238,46579,71000,150749,10440,20000
240,경기도의회,의원,조광희,1055000,927828,37248,191460,835000,951017,37248,70745
241,경기도의회,의원,조성환,139847,108976,7400,149712,139847,99753,7400,118720
242,경기도의회,의원,조재훈,467087,16307,4000,243533,501648,35579,3500,289189
243,경기도의회,의원,지석환,337814,9613,11732,250196,338246,16448,11522,260502
244,경기도의회,의원,진용복,3807521,952460,28661,1577037,4704060,984147,48230,1824457
245,경기도의회,의원,채신덕,930000,228820,7600,663497,1130000,224336,7000,652209
246,경기도의회,의원,천영미,179000,140962,26000,70140,179000,167052,26000,66060
247,경기도의회,의원,최갑철,1227572,551206,0,195000,1604183,780731,35170,652806
248,경기도의회,의원,최경자,365350,155327,92138,399811,400820,125835,76940,378968
249,경기도의회,의원,최만식,384874,156416,11370,293597,861207,207488,11370,631420
250,경기도의회,의원,최세명,0,53512,46110,120715,0,62982,40670,147836
251,경기도의회,의원,최승원,940735,180386,1500,685098,1334298,182316,48579,1014898
252,경기도의회,의원,최종현,652609,349491,119690,130100,678609,268487,102125,130100
253,경기도의회,의원,추민규,495000,62172,44100,276000,495000,66566,34830,295776
254,경기도의회,의원,한미림,1487000,132010,40000,765322,1487000,156333,46060,742637
255,경기도의회,의원,허원,290500,406362,41620,0,290500,395011,41620,0
256,경기도의회,의원,황대호,215327,25531,29400,130000,215327,35214,29400,130000
257,경기도의회,의원,황수영,322000,75744,6230,289000,322000,56188,6230,270156
258,경기도의회,의원,황진희,964000,1767423,49500,336720,1012000,1820247,49500,310563
259,경기도의회,의장,송한준,664220,224493,34040,637740,776700,171430,28239,628244
260,경기도이천시,시장,엄태준,4845366,1366168,71370,918228,4666422,1143254,70070,798732
261,경기도파주시,시장,최종환,80980,75854,900,99635,70000,122558,800,69801
262,경기도평택시,시장,정장선,221086,524466,16829,186489,221086,473056,16829,3089
263,경기도포천시,시장,박윤국,93094,26595,27720,0,93094,69145,11493,0
264,경기도하남시,시장,김상호,781049,262614,15000,37458,622491,295260,10500,44980
265,경기도화성시,시장,서철모,1790295,977868,9270,570000,1720295,1406688,8987,570000
266,경상남도,경제부지사,문승욱,781247,839900,16120,0,813094,814702,14670,0
267,경상남도,행정부지사,박성호,1259500,177461,10500,817275,1259500,185697,10500,789199
268,경상남도거제시,시장,변광용,368045,241441,5184,122241,368045,232505,4287,20068
269,경상남도거창군,군수,구인모,635407,353556,17800,587100,1057354,271355,11360,518857
270,경상남도경남도립남해대학,총장,홍덕수,286732,289135,1500,0,287400,345607,1500,0
271,경상남도고성군,군수,백두현,1004611,980464,8543,129460,1034611,1068877,8543,133460
272,경상남도교육청,교육감,박종훈,110110,109163,55750,268460,111016,103170,62545,219632
273,경상남도김해시,시장,허성곤,743171,622281,14973,75000,743800,774597,41908,75000
274,경상남도남해군,군수,장충남,765402,141051,11337,449660,793862,193756,11337,446643
275,경상남도밀양시,시장,박일호,939954,876432,13616,0,943740,893875,11478,0
276,경상남도사천시,시장,송도근,1123000,776057,151151,795000,1348000,754563,111452,795000
277,경상남도산청군,군수,이재근,578715,23432,2102,143995,661498,19078,1564,24737
278,경상남도양산시,시장,김일권,1102680,413708,74260,792749,1100362,450990,64915,656288
279,경상남도의령군,군수,이선두,116716,245774,15550,50000,116716,159223,13550,0
280,경상남도의회,의원,강근식,623213,535537,5000,186000,712809,285222,12680,213189
281,경상남도의회,의원,강민국,326519,508128,32830,15350,324481,466979,56070,0
282,경상남도의회,의원,강철우,497106,193857,8095,218663,432233,244163,7000,154845
283,경상남도의회,의원,김경수,374541,151796,37810,350616,374541,168318,37130,321075
284,경상남도의회,의원,김경영,183000,95847,2010,116562,183000,89884,1640,98687
285,경상남도의회,의원,김석규,345731,24382,3960,124813,345731,26736,37380,385909
286,경상남도의회,의원,김성갑,533563,233119,17170,329782,533563,226924,17238,296757
287,경상남도의회,의원,김영진,293601,118995,15040,82466,293601,153504,15040,80666
288,경상남도의회,의원,김윤철,58789,59347,0,18134,58789,122053,790,115227
289,경상남도의회,의원,김일수,222939,277592,3725,472124,203111,97689,998,325088
290,경상남도의회,의원,김진기,85000,102431,13580,142529,86000,117879,55740,176370
291,경상남도의회,의원,김진부,183810,144859,4210,60000,199066,127719,45000,100000
292,경상남도의회,의원,김진옥,422368,124550,53080,233353,412368,151920,53080,229988
293,경상남도의회,의원,김하용,293094,77444,32658,382073,266311,85022,25828,363221
294,경상남도의회,의원,김현철,253528,389493,55844,68477,285005,378056,55410,96954
295,경상남도의회,의원,김호대,678171,1004306,70320,50000,678171,1089294,74990,50000
296,경상남도의회,의원,남택욱,266120,193425,11350,201140,158940,231644,9570,216220
297,경상남도의회,의원,류경완,409768,130118,12120,611852,433144,147856,16010,774294
298,경상남도의회,의원,박문철,180000,67606,4200,120888,180000,69606,4200,134829
299,경상남도의회,의원,박삼동,505364,125530,1160,79256,515210,124921,1160,79904
300,경상남도의회,의원,박옥순,969669,720843,43850,984325,1040903,731541,70300,961758
301,경상남도의회,의원,박우범,219890,220826,25981,133761,200192,273337,21740,139307
302,경상남도의회,의원,박정열,417482,204028,609220,724351,469387,186804,291530,635371
303,경상남도의회,의원,박준호,478767,181931,23980,216445,538279,151486,83060,270117
304,경상남도의회,의원,빈지태,256575,201534,4427,140664,256575,205929,20087,172856
305,경상남도의회,의원,성낙인,673634,746846,69590,56901,727102,773464,56080,95031
306,경상남도의회,의원,성동은,170683,34375,8520,20000,166499,51014,6280,5606
307,경상남도의회,의원,성연석,89212,600457,13000,2120,96212,652925,16750,2120
308,경상남도의회,의원,손덕상,1163867,206995,544590,1524207,1097810,238497,444590,1437866
309,경상남도의회,의원,손호현,314000,541445,37845,8666,283000,617975,65585,0
310,경상남도의회,의원,송순호,255978,245230,10319,125172,263713,242273,9036,115450
311,경상남도의회,의원,송오성,372782,61988,4120,131600,369782,58310,3950,150049
312,경상남도의회,의원,신상훈,862698,489940,1000,165650,952608,532100,1000,177780
313,경상남도의회,의원,신영욱,381839,586335,10087,249253,373839,563934,10087,236880
314,경상남도의회,의원,신용곤,165417,70683,108290,0,165417,75953,89880,0
315,경상남도의회,의원,심상동,770904,308693,2160,369277,770904,300335,2160,280080
316,경상남도의회,의원,예상원,1064797,238664,61498,834457,1193642,268106,45170,1101561
317,경상남도의회,의원,옥은숙,842825,258013,0,776475,1021825,261231,59010,825548
318,경상남도의회,의원,원성일,652692,449952,31210,0,632837,381720,31210,0
319,경상남도의회,의원,윤성미,3827309,1987542,239400,821000,3827309,2146225,267750,821000
320,경상남도의회,의원,이병희,463130,140113,35533,213274,461203,157230,48105,199255
321,경상남도의회,의원,이상열,1332686,1255900,16430,110950,990686,1286740,72190,50000
322,경상남도의회,의원,이상인,279298,219115,35953,98866,279299,251160,33099,97421
323,경상남도의회,의원,이영실,167623,253889,11680,10000,167623,272860,11680,6546
324,경상남도의회,의원,이옥선,279000,96263,10886,8500,240000,86930,10886,8500
325,경상남도의회,의원,이옥철,100000,113829,44330,134635,100000,122956,44330,143634
326,경상남도의회,의원,이정훈,232608,425329,41330,165192,232608,479185,32690,96359
327,경상남도의회,의원,이종호,2380931,3291593,153677,1185804,2402531,3273110,154173,1193446
328,경상남도의회,의원,임재구,1370496,516879,10030,622506,1616431,511975,19700,1311087
329,경상남도의회,의원,장규석,4018711,454643,88319,1052333,3975833,574136,71219,1024396
330,경상남도의회,의원,장종하,144095,51362,22590,204067,144095,48770,37230,225370
331,경상남도의회,의원,정동영,221692,43981,6550,224492,227601,37961,6550,224449
332,경상남도의회,의원,조영제,439450,343555,24730,210000,589450,298470,23730,344313
333,경상남도의회,의원,표병호,648670,324297,4450,240000,648670,411341,4000,240000
334,경상남도의회,의원,한옥문,929757,510026,0,662666,1396741,620053,0,1012261
335,경상남도의회,의원,황보길,1540372,1541038,706113,1530196,1972054,1467814,821113,1688680
336,경상남도의회,의원,황재은,383485,111411,10574,55113,548854,95335,1823,218395
337,경상남도의회,의장,김지수,1378724,317758,49300,1568258,1700420,348137,38800,1816935
338,경상남도진주시,시장,조규일,2450124,174272,25500,1387313,2450124,278814,25500,1362470
339,경상남도창녕군,군수,한정우,963021,104974,11763,778352,963021,85368,11763,773000
340,경상남도창원시,시장,허성무,1798821,701391,3701,274380,1825454,806813,1402,273306
341,경상남도통영시,시장,강석주,299857,178600,8907,60704,299857,208330,8907,47939
342,경상남도하동군,군수,윤상기,276376,485040,14240,0,279978,814938,9150,0
343,경상남도함안군,군수,조근제,613143,225859,32606,622220,613143,177044,20922,454219
344,경상남도함양군,군수,서춘수,507000,64150,6419,3947,507000,117854,6419,20930
345,경상남도합천군,군수,문준희,290950,251082,19733,53830,300950,317570,18100,12000
346,경상북도,경제부지사,전우헌,4383700,6202257,281720,1071000,4199700,6159073,264810,1051000
347,경상북도,도지사,이철우,1218000,622913,19060,349027,1220600,576225,33300,437361
348,경상북도,행정부지사,윤종진,896000,542637,15000,0,896000,609336,13000,0
349,경상북도경북도립대학교,총장,정병윤,3073646,5892654,217000,165000,3038036,6714563,225200,151876
350,경상북도경산시,시장,최영조,605837,469599,1820,270000,336649,606257,1820,40000
351,경상북도경주시,시장,주낙영,2998004,677991,17500,32928,3161487,514418,5222,23271
352,경상북도고령군,군수,곽용환,133220,194565,27760,7639,139069,168511,68750,0
353,경상북도교육청,교육감,임종식,829000,214128,34000,1869049,988800,286982,34000,787000
354,경상북도구미시,시장,장세용,308161,256317,0,130596,318161,250055,16960,309342
355,경상북도군위군,군수,김영만,647417,182438,5550,260500,740976,214152,4689,155000
356,경상북도김천시,시장,김충섭,285059,429318,18174,300060,206702,400534,27573,258816
357,경상북도대구경북경제자유구역청,청장,이인선,1854627,3557046,13750,298240,1707462,3726586,44664,237500
358,경상북도문경시,시장,고윤환,1476213,380832,17040,161250,1520630,381192,14610,115750
359,경상북도봉화군,군수,엄태항,3488593,551904,182712,1079500,3488593,533663,182712,1079500
360,경상북도상주시,시장,황천모,194808,546659,33970,579006,194808,314615,33970,516004
361,경상북도성주군,군수,이병환,351486,260901,21895,118237,361482,246439,20850,116430
362,경상북도안동시,시장,권영세,607000,853958,7750,254202,615000,929019,6256,231999
363,경상북도영덕군,군수,이희진,789093,392124,37723,0,906946,400579,27932,0
364,경상북도영양군,군수,오도창,190000,117882,16669,38655,185000,118729,16669,5275
365,경상북도영주시,시장,장욱현,163000,352221,14340,28000,176000,426590,13934,28000
366,경상북도영천시,시장,최기문,770343,272606,6528,282991,770340,265662,6528,292003
367,경상북도예천군,군수,김학동,671795,3179014,19530,576096,624535,3268103,19530,588936
368,경상북도울릉군,군수,김병수,4798846,680636,75293,723266,4869210,1028206,106655,508268
369,경상북도울진군,군수,전찬걸,288217,114116,9207,70000,288217,136963,19827,35000
370,경상북도의성군,군수,김주수,735649,294645,1911,0,886028,228041,0,40000
371,경상북도의회,의원,고우현,192185,261564,4000,47045,204919,262953,2500,83887
372,경상북도의회,의원,곽경호,482795,511180,33330,39087,473295,443735,33330,65871
373,경상북도의회,의원,김대일,80000,201806,8926,0,170000,104961,8926,0
374,경상북도의회,의원,김득환,276314,104540,52800,164388,266314,100210,51700,120141
375,경상북도의회,의원,김명호,384110,59597,71460,120000,299529,62506,71460,120000
376,경상북도의회,의원,김봉교,2724774,747771,124090,1346273,2508457,728791,189910,1334033
377,경상북도의회,의원,김상조,848621,186723,19400,483100,803666,157038,8484,517582
378,경상북도의회,의원,김상헌,497264,91924,6000,251443,674310,49534,5560,353511
379,경상북도의회,의원,김성진,124000,280072,6692,1794,120000,316136,5635,0
380,경상북도의회,의원,김수문,15402915,3002759,72981,9111402,15317444,3622029,52500,8798427
381,경상북도의회,의원,김시환,2373614,25514,11608,2064058,1983614,39927,11608,2138282
382,경상북도의회,의원,김영선,616283,1978023,100000,24110,782339,2042575,100000,28494
383,경상북도의회,의원,김종영,146313,58274,27340,95841,136818,62467,13450,90841
384,경상북도의회,의원,김준열,635700,428414,8100,478427,309800,454313,13020,279265
385,경상북도의회,의원,김진욱,1610959,507949,93907,181753,1250024,419199,141502,65152
386,경상북도의회,의원,김하수,172171,50926,6500,143124,99771,42250,4974,83695
387,경상북도의회,의원,김희수,857104,984934,0,2500,945926,1003155,40909,189916
388,경상북도의회,의원,나기보,1518160,1347731,23260,200000,1541728,1332172,36280,200000
389,경상북도의회,의원,남영숙,1397284,1513858,0,175000,1273734,1419500,0,95000
390,경상북도의회,의원,남용대,0,33030,5500,5000,15000,10887,5500,22377
391,경상북도의회,의원,남진복,674541,131388,27000,580485,628122,146423,15000,538590
392,경상북도의회,의원,도기욱,470790,208927,27890,333410,470985,192925,40670,266119
393,경상북도의회,의원,박권현,1253927,268950,52785,49222,1413989,308473,59331,152985
394,경상북도의회,의원,박미경,626400,256568,302320,982900,512563,228520,311410,994181
395,경상북도의회,의원,박승직,229400,248307,42970,10226,151000,406633,26875,0
396,경상북도의회,의원,박영서,1814053,5916130,1759752,1107544,2077915,7278219,1735578,408446
397,경상북도의회,의원,박영환,856837,740079,22500,4469,844171,877656,18900,46429
398,경상북도의회,의원,박용선,606865,1616722,32614,787618,568616,1621729,37260,826220
399,경상북도의회,의원,박정현,1509142,331693,77840,896740,1580701,299479,62878,804000
400,경상북도의회,의원,박차양,501879,89262,118212,60000,497879,89827,118212,60000
401,경상북도의회,의원,박창석,863802,40901,16767,810000,881149,21668,42226,685066
402,경상북도의회,의원,박채아,20000,2287,0,99940,20000,13908,0,100000
403,경상북도의회,의원,박태춘,2917000,173826,126090,1575266,2932148,128104,93472,1401419
404,경상북도의회,의원,박판수,5107201,613161,18926,4275968,4926201,268670,18926,3779607
405,경상북도의회,의원,박현국,208655,179765,14640,97706,229489,187340,6400,68206
406,경상북도의회,의원,방유봉,63000,83321,0,167630,63000,94383,15780,172414
407,경상북도의회,의원,배진석,861268,447076,4600,100000,1865394,358888,10300,236805
408,경상북도의회,의원,배한철,256078,295693,0,3000,256078,315209,17000,3000
409,경상북도의회,의원,신효광,107464,432064,57396,162097,107464,453845,57396,152652
410,경상북도의회,의원,안희영,3627369,946138,131020,1508946,3709677,978063,125520,1237193
411,경상북도의회,의원,오세혁,790109,421321,29320,92000,818509,510640,21158,90000
412,경상북도의회,의원,윤승오,1086300,472815,57000,861177,1086300,171384,57000,586000
413,경상북도의회,의원,윤창욱,365856,278295,12900,0,305356,271475,47316,0
414,경상북도의회,의원,이선희,312000,450142,43300,198651,370000,487222,43300,294729
415,경상북도의회,의원,이수경,343144,444224,71000,98716,336859,389948,35395,85310
416,경상북도의회,의원,이재도,380906,238617,25000,529575,380906,268012,45000,293065
417,경상북도의회,의원,이종열,552125,217865,95000,267275,509093,140811,63731,291603
418,경상북도의회,의원,이춘우,1091140,161457,41155,814582,1091140,178499,41155,829490
419,경상북도의회,의원,이칠구,509071,223822,0,76771,509071,145411,0,190703
420,경상북도의회,의원,임무석,258414,192870,46699,279524,262906,190014,21452,246648
421,경상북도의회,의원,임미애,499651,519923,1225,143751,623011,630468,167771,83735
422,경상북도의회,의원,정세현,220000,97979,7040,276883,205000,97660,20982,253912
423,경상북도의회,의원,정영길,404488,188339,52112,485578,404488,215818,42115,474838
424,경상북도의회,의원,조주홍,1685816,828088,0,2211750,2130087,2111647,0,2204684
425,경상북도의회,의원,조현일,1977289,207851,42660,965279,2006244,424893,42660,1023460
426,경상북도의회,의원,최병준,1725686,209180,12727,1571005,1918624,126527,9933,1628086
427,경상북도의회,의원,한창화,973196,399634,11000,326380,981351,307355,10500,321600
428,경상북도의회,의원,홍정근,2168626,171901,30000,1658158,2025277,177341,29865,1656746
429,경상북도의회,의원,황병직,4564354,839978,54621,525600,4674019,758426,58490,515600
430,경상북도의회,의장,장경식,194510,460162,6000,0,224808,372486,5000,0
431,경상북도청도군,군수,이승율,72000,248886,18240,5996,73000,230158,16597,31930
432,경상북도청송군,군수,윤경희,278856,359830,19738,62547,283856,396838,30531,22882
433,경상북도칠곡군,군수,백선기,312501,359497,11068,95340,481024,346764,9150,217997
434,경상북도포항시,시장,이강덕,1963408,298383,41160,43337,2170043,410922,36890,140000
435,경찰청,경무인사기획관,이은정,206834,1143384,54500,97000,206834,1075380,52900,64000
436,경찰청,경비국장,김병구,615000,911014,6000,0,615000,967648,5000,0
437,경찰청,기획조정관,송민헌,1543605,250184,32980,280715,1523633,260435,32300,275967
438,경찰청,보안국장,이준섭,647343,535473,8810,70000,651748,581214,7360,51548
439,경찰청,수사국장,배용주,649645,266271,1500,260000,652645,306740,0,260000
440,경찰청,외사국장,박화진,927806,156034,8141,26589,3276856,145358,7000,1670883
441,경찰청,정보국장,장하연,1126590,437364,36420,284699,1126590,473588,23980,259498
442,경찰청,차장,임호선,1058243,383824,31880,231000,1561186,537022,30000,229753
443,경찰청,청장,민갑룡,436750,219805,7430,178388,487910,257920,6980,130110
444,경찰청,치안감,이재열,590000,1073511,56500,53776,759000,1032892,54500,53776
445,경찰청강원지방경찰청,청장,김원준,223000,647144,24400,0,232000,688879,23100,0
446,경찰청경기남부지방경찰청,차장,김재원,386610,198925,24900,152483,392045,197867,23000,164233
447,경찰청경기남부지방경찰청,청장,허경렬,1157843,193495,25370,306730,1188626,209418,25370,289730
448,경찰청경기북부지방경찰청,청장,최해영,1141876,372999,36000,20900,1141876,389754,34000,24360
449,경찰청경남지방경찰청,청장,김창룡,644000,132430,41000,418328,688000,331322,23941,700700
450,경찰청경북지방경찰청,청장,김기출,805200,337025,900,423586,805200,372221,900,427371
451,경찰청경찰대학,학장,이상정,1608460,327131,21800,1183640,1692604,248154,18000,1163740
452,경찰청경찰인재개발원,원장,박기호,2029455,452366,22000,935310,2256469,380063,26500,817582
453,경찰청광주지방경찰청,청장,김규현,595346,464655,993,0,695430,446672,8510,0
454,경찰청대구지방경찰청,청장,이철구,773000,304861,2182,558340,773000,297513,2182,563628
455,경찰청대전지방경찰청,청장,황운하,595000,388985,80,37710,595000,384698,70,0
456,경찰청도로교통공단,이사장,윤종기,264819,688596,30879,0,298864,741363,13500,0
457,경찰청부산지방경찰청,청장,이용표,1054050,1092330,7330,0,1085210,1188972,5980,0
458,경찰청서울지방경찰청,청장,원경환,995000,239813,16500,262398,1135000,276845,65856,382809
459,경찰청울산지방경찰청,청장,박건찬,1370600,256383,28400,1060433,1036700,246789,22000,633933
460,경찰청인천지방경찰청,청장,이상노,530069,364096,14240,49870,546069,419862,13000,53240
461,경찰청전남지방경찰청,청장,최관호,350000,564495,300,80121,384924,617231,300,156648
462,경찰청전북지방경찰청,청장,강인철,908000,553421,17920,640000,954000,619325,14900,640000
463,경찰청제주지방경찰청,청장,이상철,840000,320069,34000,53145,840000,374645,34000,45054
464,경찰청중앙경찰학교,학교장,정창배,369796,687189,27160,497194,314000,803287,20950,602590
465,경찰청충남지방경찰청,청장,박재진,411000,169562,14250,615369,411000,176740,11250,606197
466,경찰청충북지방경찰청,청장,남택화,1360545,341341,16000,794072,1474596,388912,15000,831108
467,고용노동부,기획조정실장,박화진,1466192,1008139,8430,1082179,1466192,1037592,7240,1127558
468,고용노동부,노동정책실장,안경덕,687674,190518,20256,261500,954706,163502,17756,339944
469,고용노동부,장관,이재갑,1150519,20489,24520,305773,1150519,20887,24520,303165
470,고용노동부,차관,임서정,213750,512566,6014,67554,1280000,585490,5420,773674
471,고용노동부(재)노사발전재단,사무총장,이정식,1027044,180305,0,531558,712701,167489,0,65000
472,고용노동부근로복지공단,이사장,심경우,976000,192915,7000,353000,476000,385640,4570,3000
473,고용노동부서울지방노동위원회,위원장,조병기,1182318,473575,16510,467000,1142562,616988,13390,467000
474,고용노동부중앙노동위원회,사무처장,이수영,932000,456072,14260,100000,1075000,452376,12180,100000
475,고용노동부중앙노동위원회,위원장,박준성,2470694,677627,263570,350000,2618348,518695,297770,190000
476,고용노동부학교법인한국폴리텍,이사장,이석행,534998,343311,86170,447321,543962,447771,85520,472813
477,고용노동부한국고용정보원,원장,이재흥,497000,387854,12630,0,552000,371254,12630,0
478,고용노동부한국사회적기업진흥원,원장,김인선,460000,892356,1790,0,490000,885792,1790,0
479,고용노동부한국산업안전보건공단,이사장,박두용,515363,244827,28210,180095,581323,228384,25370,160931
480,고용노동부한국산업인력공단,이사장,김동만,1294752,1567055,12080,255000,1374945,2063789,11940,255000
481,고용노동부한국장애인고용공단,이사장,조종란,838569,154371,6000,504290,944569,170667,5690,470778
482,공정거래위원회,부위원장,지철호,1819662,1032958,19170,0,1873141,1125380,18110,0
483,공정거래위원회,사무처장,채규하,3193438,599766,18500,1108471,3267795,627258,42198,1192893
484,공정거래위원회,상임위원,곽세붕,1447000,333434,4130,547400,1792000,286397,3320,398400
485,공정거래위원회,상임위원,박재규,1126540,78751,6000,1056938,1147540,91985,5000,1038889
486,공정거래위원회,위원장,김상조,1139950,1568193,31250,854815,1279401,1674272,23560,850000
487,공정거래위원회한국소비자원,원장,이희숙,1008000,834702,7480,300000,1008000,879213,7480,300000
488,과학기술정보방송통신위원회,수석전문위원,임재주,847190,194109,22300,561701,955650,228087,22040,654634
489,과학기술정보통신부,4차산업혁명위원회지원단장,최영해,996305,390484,27440,0,996305,451179,27440,0
490,과학기술정보통신부,과학기술혁신본부장,임대식,293000,403440,10690,77840,293000,422743,10690,77079
491,과학기술정보통신부,과학기술혁신조정관,오규택,883157,52612,18570,307836,956482,59903,16050,305140
492,과학기술정보통신부,연구개발정책실장,정병선,259000,94000,20000,43360,380200,106556,17020,127185
493,과학기술정보통신부,장관,유영민,1317689,1340999,94386,0,1481154,1335556,94386,0
494,과학기술정보통신부,정보통신정책실장,장석영,866073,233368,11650,167760,879847,287252,11150,175638
495,과학기술정보통신부,제1차관,문미옥,280685,2064301,2500,0,280685,2307550,2220,0
496,과학기술정보통신부,제2차관,민원기,2974103,2510838,35000,133392,2974103,2431968,35000,123392
497,과학기술정보통신부광주과학기술원,총장,문승현,688961,610780,13630,337431,690806,720813,11820,325057
498,과학기술정보통신부국가과학기술연구회,이사장,원광연,1360368,566646,39500,260000,1511898,809746,49450,333326
499,과학기술정보통신부국립대구과학관,관장,김주한,519651,845559,11700,97396,519651,887819,10760,84501
500,과학기술정보통신부국립중앙과학관,관장,배태민,755000,314348,39410,120000,793000,427461,62834,160000
501,과학기술정보통신부기초과학연구원,원장,김두철,2624809,3764801,30055,208644,3317503,3315104,27821,329669
502,과학기술정보통신부연구개발특구진흥재단,이사장,양성광,2625,1858713,20000,0,127750,1816882,16770,0
503,과학기술정보통신부우정사업본부,본부장,강성주,532630,629662,10190,370000,1018490,369841,9233,370000
504,과학기술정보통신부우체국물류지원단,이사장,김병수,496048,157064,500,609634,523057,165553,38220,522325
505,과학기술정보통신부울산과학기술원,총장,정무영,200000,1200281,32890,0,252000,1364236,28190,0
506,과학기술정보통신부한국건설기술연구원,원장,한승헌,1094964,413448,20000,620763,1209861,406549,20000,607529
507,과학기술정보통신부한국과학기술기획평가원,원장,김상선,905491,298784,2370,0,905491,267677,2370,0
508,과학기술정보통신부한국과학기술연구원,원장,이병권,1104000,381514,5500,523449,1424800,375991,4500,636606
509,과학기술정보통신부한국과학기술연합대학원대학교,총장,문길주,2232606,1297156,256996,638888,2521441,944547,279079,450000
510,과학기술정보통신부한국과학기술원,총장,신성철,2082560,1319427,110580,249775,2244617,1358209,109660,259823
511,과학기술정보통신부한국과학기술정보연구원,원장,최희윤,2313989,1985882,14200,1715000,1682202,1807179,13890,865000
512,과학기술정보통신부한국기계연구원,원장,박천홍,235000,792294,28940,0,235000,840532,21640,0
513,과학기술정보통신부한국기초과학지원연구원,원장,이광식,847279,532340,4530,0,530676,901368,3950,0
514,과학기술정보통신부한국방송통신전파진흥원,원장,서석진,729158,99664,65680,335692,733665,103038,52550,322056
515,과학기술정보통신부한국생명공학연구원,원장,김장성,930179,353779,6980,133232,910179,394615,6980,160503
516,과학기술정보통신부한국생산기술연구원,원장,이성일,773515,442735,14180,26146,780892,515429,12580,12752
517,과학기술정보통신부한국식품연구원,원장,박동준,1099660,880073,27000,430000,1149256,758671,27000,430000
518,과학기술정보통신부한국에너지기술연구원,원장,곽병성,1853698,3622775,177467,107031,1889470,3488731,254112,100600
519,과학기술정보통신부한국여성과학기술인지원센터,소장,한화진,536000,1478567,5930,21097,536000,1498728,5930,21097
520,과학기술정보통신부한국연구재단,이사장,노정혜,2853184,1348391,82430,858224,3585184,1473375,68660,1376319
521,과학기술정보통신부한국원자력의학원,원장,김미숙,430000,4738369,52500,200000,440000,4338107,47500,0
522,과학기술정보통신부한국인터넷진흥원,원장,김석환,215000,966737,37500,1982,345000,1060419,31300,0
523,과학기술정보통신부한국전기연구원,원장,최규하,856712,974466,62560,62176,811257,1117344,60630,48828
524,과학기술정보통신부한국전자통신연구원,원장,이상훈,1488867,3039708,9490,383823,1629868,2895289,8380,473104
525,과학기술정보통신부한국정보화진흥원,원장,문용식,6010366,10279330,23000,2841486,15490366,3836519,23000,7009997
526,과학기술정보통신부한국지질자원연구원,원장,김복철,425960,359305,41000,131040,395960,392583,44260,132105
527,과학기술정보통신부한국천문연구원,원장,이형목,924351,327882,21670,482295,1480125,329969,21469,512299
528,과학기술정보통신부한국철도기술연구원,원장,나희승,952566,427087,1000,0,1103615,451438,1000,105951
529,과학기술정보통신부한국표준과학연구원,원장,박상열,323336,360503,5900,24766,323352,404714,7360,16757
530,과학기술정보통신부한국한의학연구원,원장,김종열,903000,375900,8910,275083,907000,442035,57050,368956
531,과학기술정보통신부한국항공우주연구원,원장,임철호,511202,478801,57280,444217,511276,462356,49170,419015
532,과학기술정보통신부한국화학연구원,원장,김성수,840000,306255,3250,154046,915000,324223,3250,185170
533,관세청,차장,노석환,339000,816478,18000,250000,351000,848160,13000,240000
534,관세청,청장,김영문,1739000,201015,13000,1362482,880000,182492,11000,62204
535,관세청광주세관,세관장,주시경,970018,199210,3830,125856,1009212,204120,3830,87718
536,관세청대구세관,세관장,이명구,465000,250083,21750,49391,465000,270949,33530,62498
537,관세청부산세관,세관장,양승권,608268,470731,11500,79968,663782,493994,22800,118602
538,관세청서울세관,세관장,윤이근,1463300,528109,2000,867740,1465000,565317,1000,842740
539,관세청울산세관,세관장,김종호,647438,377872,20500,170000,616438,292293,20500,0
540,관세청평택세관,세관장,신현은,532000,377347,10850,473200,687000,573710,10500,682300
541,광주고등법원,법원장,최상열,10314211,2174900,563300,1685205,9149931,3554251,560400,1560205
542,광주고등법원,부장판사,남성민,1113059,313313,36020,10000,1113670,369733,31850,10000
543,광주고등법원,부장판사,이재권,1250553,1501025,11250,0,1498771,1577173,9620,0
544,광주고등법원,부장판사,황진구,820000,14753,18530,679252,820000,19039,16900,678719
545,광주고등법원,수석부장판사,최인규,953000,200937,23820,717840,1019000,202610,21370,661906
546,광주광역시,문화경제부시장,이병훈,668499,702472,15660,0,1091935,645931,15660,0
547,광주광역시,시장,이용섭,622501,105408,39800,396979,942501,144402,68290,292401
548,광주광역시,행정부시장,정종제,619000,252603,3500,56110,612000,435402,3000,51034
549,광주광역시광산구,구청장,김삼호,323250,272596,30000,148824,323773,391146,20862,101173
550,광주광역시교육청,교육감,장휘국,547502,145077,14670,8000,234000,450529,14780,0
551,광주광역시남구,구청장,김병내,286621,95367,49251,105000,286621,191474,47000,105000
552,광주광역시동구,구청장,임택,30000,80011,14000,62121,30000,83283,13000,53483
553,광주광역시북구,구청장,문인,1075850,465550,8360,619080,1094620,753817,6570,713850
554,광주광역시서구,구청장,서대석,253748,615672,5000,100000,255398,538122,4000,35784
555,광주광역시의회,의원,김광란,150000,33061,20000,89833,150000,51218,20000,114933
556,광주광역시의회,의원,김나윤,98016,189015,9200,249774,98016,150239,9200,188947
557,광주광역시의회,의원,김용집,430000,93037,11300,348231,300000,131550,11300,131023
558,광주광역시의회,의원,김익주,29800,98884,21000,100260,29800,84146,21000,150633
559,광주광역시의회,의원,김점기,258000,142645,7000,165543,253000,93856,5000,199521
560,광주광역시의회,의원,김학실,1274282,257925,93000,594536,1278282,269866,95720,605887
561,광주광역시의회,의원,나현,301953,85281,15000,162600,287160,188242,27900,268280
562,광주광역시의회,의원,박미정,462117,52134,0,376280,487173,56363,30000,432791
563,광주광역시의회,의원,반재신,150474,71768,1000,142022,153882,78719,30613,172892
564,광주광역시의회,의원,송형일,399000,383544,45790,318291,399000,322200,36500,257949
565,광주광역시의회,의원,신수정,166000,123255,10992,34555,158970,174529,15972,65962
566,광주광역시의회,의원,이경호,345479,1469588,594,0,428289,1658080,594,50000
567,광주광역시의회,의원,이정환,174000,81172,0,70000,170000,87963,25730,70000
568,광주광역시의회,의원,이홍일,57500,112697,31000,165831,120000,155785,24000,178027
569,광주광역시의회,의원,임미란,370938,6920404,21057,1824535,400938,5279383,56420,1409855
570,광주광역시의회,의원,장연주,225000,24861,19500,153657,95000,29764,40000,30250
571,광주광역시의회,의원,장재성,648221,366771,8020,324953,631363,269886,77000,357525
572,광주광역시의회,의원,정무창,126700,151906,6810,126404,126700,145999,6700,131409
573,광주광역시의회,의원,정순애,619514,725530,70530,59123,653087,701179,70530,98754
574,광주광역시의회,의원,조석호,95970,122510,3239,5000,97300,136441,3239,900
575,광주광역시의회,의원,최영환,27423,32076,0,23700,27423,32342,0,51117
576,광주광역시의회,의원,황현택,1227985,333149,146000,267256,1231918,430406,79192,220515
577,광주광역시의회,의장,김동찬,880500,311215,15700,284869,791500,295612,34070,282951
578,광주지방법원,법원장,박병칠,353831,347948,43630,29274,361231,447678,35640,28241
579,교육부,고등교육정책실장,이진석,813700,162581,7010,249900,453700,596029,5360,249900
580,교육부,기획조정실장,김영철,658000,462029,12420,223560,682969,697561,10640,213060
581,교육부,부총리 겸 장관,유은혜,216866,380778,0,270839,205000,268326,0,210573
582,교육부,학교혁신지원실장,김성근,456257,193766,26760,112172,474581,187634,26760,93284
583,교육부강릉원주대학교,부총장,전병국,607318,325683,32000,156581,606902,286587,24370,53029
584,교육부강릉원주대학교,총장,반선섭,557156,691527,1000,231827,613942,812840,7000,235900
585,교육부강원대학교,교육연구부총장,한광석,344000,915513,48100,25000,344000,932465,44770,25000
586,교육부강원대학교,대외협력부총장,조준형,645722,363935,15535,200000,645100,340877,15535,200000
587,교육부강원대학교,삼척부총장,김경남,978179,330612,84236,261236,763179,585009,84236,223858
588,교육부강원대학교,총장,김헌영,1880807,498782,36500,320545,1958222,537146,30820,186730
589,교육부경남과학기술대학교,부총장,홍효석,286348,71790,19000,342697,256066,75913,19000,312697
590,교육부경남과학기술대학교,총장,김남경,321204,798162,63000,0,205984,912881,61500,0
591,교육부경북대학교,총장,김상동,927728,265998,34014,267165,974856,231589,39210,217961
592,교육부경북대학교병원,병원장,정호영,3033307,2290038,109200,640000,3195423,2398545,109200,640000
593,교육부경상대학교,교학부총장,마대영,270000,351218,16570,19098,270000,388201,16290,16130
594,교육부경상대학교,연구부총장,정종일,411168,493375,8850,0,401801,515041,8850,0
595,교육부경상대학교,총장,이상경,553825,1444710,11970,85242,611898,1567454,6873,83230
596,교육부경상대학교병원,병원장,신희석,1056634,1196063,18700,98356,1105987,1230102,18700,85012
597,교육부경인교육대학교,총장,고대혁,425060,286714,35078,109618,454594,262277,10610,38742
598,교육부공주교육대학교,총장,안병근,306000,411130,38000,68800,306000,382098,38000,178
599,교육부교원소청심사위원회,위원장,조광,335000,99044,0,115235,341000,64256,0,73456
600,교육부국가평생교육진흥원,원장,윤여각,1071519,550508,76955,308032,1189937,562174,56180,303567
601,교육부국립대학법인인천대학교,총장,조동성,3160957,4317611,51000,400000,2870301,4408365,51000,400000
602,교육부군산대학교,총장,곽병선,2083375,2127213,48000,245940,1516541,2604230,34000,40000
603,교육부금오공과대학교,총장,이상철,390000,535537,18840,0,390000,585482,18840,0
604,교육부대구교육대학교,총장,임청환,1387167,986352,28570,111401,1394260,1015376,51650,93535
605,교육부동북아역사재단,이사장,김도형,1242809,827958,32290,240000,1418751,781337,22960,240000
606,교육부목포해양대학교,총장,박성현,192579,904686,46000,0,197901,826764,46000,0
607,교육부부경대학교,산학부총장,최재욱,1917443,771557,5660,1315099,1917443,874925,5660,1398553
608,교육부부경대학교,총장,김영섭,1519000,287622,27060,267818,1524000,328889,23370,163570
609,교육부부경대학교,학무부총장,김동준,1290415,370629,152090,55749,1462681,369729,152090,56762
610,교육부부산교육대학교,총장,오세복,703000,208131,4000,641300,724000,206359,0,641800
611,교육부부산대학교,의무부총장,김휘택,1596245,5249445,68780,0,1596245,5379137,68780,0
612,교육부부산대학교,총장,전호환,636149,940164,9624,0,669149,1337616,8172,285000
613,교육부사립학교교직원연금공단,이사장,이중흔,815946,167487,2000,497893,808406,397559,1500,429495
614,교육부서울과학기술대학교,교육부총장,정건용,1423000,349105,206570,590796,1533000,400631,5770,581388
615,교육부서울과학기술대학교,연구산학부총장,이동훈,1896293,266581,24640,1158450,1692927,514666,20460,614660
616,교육부서울과학기술대학교,총장,김종호,1282868,426812,18940,772000,1304145,473209,16250,769000
617,교육부서울교육대학교,총장,김경성,1175566,386526,13664,435621,1296000,511388,12211,0
618,교육부서울대학교병원,병원장,서창석,1008000,1189689,40910,343058,1104000,1384352,29760,338626
619,교육부서울대학교치과병원,병원장,허성주,8587201,12096293,162370,0,9289666,11559229,171536,0
620,교육부안동대학교,총장,권태환,118680,308650,48181,80389,117800,345068,44154,68336
621,교육부전남대학교,부총장,박상규,1693030,165334,28000,973495,2089030,852689,52000,986400
622,교육부전남대학교,부총장,한은미,494286,602928,0,115175,494286,628664,0,115175
623,교육부전남대학교,총장,정병석,2260075,3442922,183350,401207,2027017,3755484,132048,183564
624,교육부전남대학교병원,병원장,이삼용,962245,774161,82110,55945,897283,857907,2998,2961
625,교육부전북대학교,부총장,정성석,170000,132398,6670,218159,0,141338,6670,216621
626,교육부전북대학교병원,병원장,조남천,1281187,723312,119380,405814,1183187,731635,123520,409118
627,교육부전주교육대학교,총장,김우영,939925,157749,9800,176598,822873,200140,14300,171732
628,교육부제주대학교,부총장,고대만,3116523,434899,49030,1071696,3228987,442281,49030,979017
629,교육부제주대학교,부총장,지영흔,668952,182038,28487,190594,653138,230735,28487,181009
630,교육부제주대학교,총장,송석언,2197195,4590321,32010,649381,2337630,3815162,29500,805726
631,교육부진주교육대학교,총장,최문성,1029090,215869,2000,14310,1160000,207401,1000,18305
632,교육부창원대학교,총장,최해범,940650,426906,16000,130405,944816,437399,12000,62659
633,교육부청주교육대학교,총장,윤건영,506166,719653,15010,114716,498636,745779,13240,111383
634,교육부춘천교육대학교,총장,이환기,367000,292998,17790,515274,196000,334146,10130,337469
635,교육부충남대학교,총장,오덕성,1971850,713228,27964,423100,2251000,750186,26404,423100
636,교육부충남대학교병원,병원장,송민호,420145,612917,27170,612,424415,682702,43061,22283
637,교육부충북대학교,총장,김수갑,2100420,1796814,22550,656552,1785000,1727689,22550,182968
638,교육부한경대학교,총장,임태희,3972455,749417,107710,2727531,4619912,804341,103120,2762574
639,교육부한국고전번역원,원장,신승운,512557,314101,19970,3000,551466,299705,17160,5000
640,교육부한국교원대학교,부총장,조순묵,673481,338150,87350,742960,712888,429567,67350,716473
641,교육부한국교원대학교,총장,류희찬,1321000,127605,4000,752590,1399000,174912,4000,753313
642,교육부한국교육학술정보원,원장,한석수,1092034,260579,0,554634,895194,335283,0,344719
643,교육부한국교통대학교,총장,박준훈,184000,260722,75000,113494,182000,423108,64045,237320
644,교육부한국방송통신대학교,부총장,김영인,360212,1354363,52150,0,360212,1412614,52150,0
645,교육부한국방송통신대학교,총장,류수노,702474,923243,26720,449940,756963,2067203,30918,1209130
646,교육부한국복지대학교,총장,이상진,895900,406549,5000,170000,2026600,239050,27510,265507
647,교육부한국장학재단,이사장,이정우,250000,1145345,32000,0,250000,1163655,31000,0
648,교육부한국체육대학교,총장,김성조,4258218,188236,4900,1868216,4254278,275261,4900,1689074
649,교육부한국학중앙연구원,원장,안병욱,1243018,490075,1680,484812,1420829,562429,13980,474795
650,교육부한국해양대학교,총장,박한일,678188,2464092,66120,7041,692925,2427073,112881,3791
651,교육부한밭대학교,총장,최병욱,502000,1325247,2683,0,722000,1050424,23320,0
652,교육위원회,수석전문위원,정재룡,180000,599132,21000,0,370000,455002,19780,10000
653,국가보훈처,차장,이병구,1276094,473453,44620,578622,1400474,509780,4839,580000
654,국가보훈처,처장,피우진,557000,805018,12500,90000,575000,941675,11250,90000
655,국가보훈처독립기념관,관장,이준식,307000,172576,0,0,307000,183552,0,0
656,국가보훈처보훈심사위원회,위원장,정진,2934819,488566,1000,141000,2934826,484939,1000,130000
657,국가보훈처한국보훈복지의료공단,이사장,양봉민,2911246,1317781,117800,855000,3140991,1252188,27450,845000
658,국가안보실,국가안보실장,정의용,1369000,383287,31655,0,1425000,403722,57655,0
659,국가안보실,제1차장,이상철,513240,195451,37400,0,543240,216513,27680,0
660,국가안보실,제2차장,남관표,378225,1292709,0,363904,608785,1195780,9450,338912
661,국가안보실,통일정책비서관,서호,1708622,109479,22370,375466,2156537,132827,14990,456537
662,국가안보실,평화군비통제비서관,최종건,450000,108123,32000,392136,500000,198145,20000,340236
663,국가인권위원회,사무총장,조영선,1264911,2986112,7400,505000,1420156,2969057,7400,575000
664,국가인권위원회,상임위원,정문자,591000,26155,700,315144,610000,80652,700,311820
665,국가인권위원회,상임위원,정상환,941000,2285234,75906,1814,1096000,2297153,59215,1666
666,국가인권위원회,상임위원,최혜리,1692000,3918796,101000,630000,1798000,4152371,97250,630000
667,국가인권위원회,위원장,최영애,440833,251057,4880,194923,440833,247212,4880,192336
668,국가정보원,기획조정실장,이석수,3254996,836011,96970,1090996,3254996,765175,175600,1107580
669,국가정보원,원장,서훈,2830547,1894164,66910,1030000,2957640,1960876,60690,960000
670,국가정보원,제1차장,서동구,1271048,348131,34020,1174496,1273824,342334,21000,1099087
671,국가정보원,제2차장,김상균,849992,286803,65370,328567,968262,285697,55050,362567
672,국가정보원,제3차장,김준환,480000,1038965,12130,9420,1050000,869326,3355,309420
673,국무조정실,경제조정실장,최창원,1694643,184899,48174,809464,1694643,148068,48174,763412
674,국무조정실,국무1차장,최병환,870910,942198,9810,245000,908910,1016989,8650,240000
675,국무조정실,국무2차장,차영환,4686977,3026474,139000,35000,4614795,3137889,156000,35000
676,국무조정실,국무조정실장,노형욱,423716,703229,68000,228031,595255,752513,60000,212686
677,국무조정실,국무총리,이낙연,1350461,345935,20895,0,1543487,463815,17658,0
678,국무조정실,국정운영실장,임찬우,602000,652643,2250,4200,675000,714915,1930,4200
679,국무조정실,규제조정실장,이련주,8180231,2935177,31860,419000,8802250,3015123,25840,439000
680,국무조정실,사회조정실장,윤창렬,921080,144276,28000,290310,1048620,131958,25000,383850
681,국무조정실,세종특별자치시지원단장,민지홍,889147,866448,11950,0,945838,865574,10090,0
682,국무조정실,정부업무평가실장,이종성,832788,253406,29380,101000,871067,295948,26120,86000
683,국무조정실경제인문사회연구회,이사장,성경륭,942373,236520,6687,285007,796485,245323,6500,325777
684,국무조정실대외경제정책연구원,원장,이재영,1188677,201029,29010,63740,1486974,374212,29010,4786
685,국무조정실대테러센터,센터장,문영기,377000,69430,0,5000,377000,64904,0,7500
686,국무조정실조세심판원,원장,안택순,2068205,254777,5000,1560760,2018205,221937,4500,1431490
687,국무조정실한국개발원,원장,최정표,1514362,674928,18250,410000,1515348,849947,15590,410000
688,국무조정실한국교육과정평가원,원장,성기선,258700,110584,5000,114184,244542,50698,5000,0
689,국무조정실한국보건사회연구원,원장,조흥식,814720,1382371,5190,200000,858829,1574886,5190,200000
690,국무조정실한국조세재정연구원,원장,김유찬,531342,193040,0,30000,389726,155232,0,30000
691,국무총리비서실,공보실장,김성재,563487,130157,5430,80000,785211,191094,0,180000
692,국무총리비서실,민정실장,남평오,444914,108273,6000,120000,525265,122340,6000,115000
693,국무총리비서실,정무실장,지용호,460000,87403,7680,231791,460000,94558,7680,156883
694,국민권익위원회,기획조정실장,박계옥,2171900,293567,2500,880000,2230592,326250,1800,862408
695,국민권익위원회,부위원장 겸 사무처장,이건리,636000,908432,35570,0,636000,888228,33580,0
696,국민권익위원회,부위원장,권태성,855999,170329,2800,385892,917326,245296,2300,45620
697,국민권익위원회,상임위원,김상배,1037397,346065,21950,317691,1043705,369077,20330,384348
698,국민권익위원회,상임위원,김은미,956000,1454536,0,170000,960000,1573705,0,180000
699,국민권익위원회,상임위원,김태응,380000,530049,20920,165995,405000,530633,20920,162084
700,국민권익위원회,상임위원,김현철,581333,362880,2600,215450,725333,345473,2230,206525
701,국민권익위원회,상임위원,신근호,513269,98653,7410,270482,669405,106564,6340,409882
702,국민권익위원회,상임위원,임송학,304000,209006,18000,20000,452720,96902,17000,20000
703,국민권익위원회,위원장,박은정,1802735,282968,29790,150000,1664468,574008,21360,486
704,국방부,,김병주,628000,305811,15702,165121,518000,500594,12414,130282
705,국방부,,김성일,477400,275586,10500,354381,477400,279842,9000,338727
706,국방부,,김성진,254407,675698,43457,44512,242000,813932,37000,40299
707,국방부,,김승겸,226354,353026,12320,86043,414534,396464,10400,206120
708,국방부,,김영환,1537800,696803,14190,550000,1681592,664227,10340,550000
709,국방부,,김용우,0,352913,4000,109705,0,435018,21690,107319
710,국방부,,김운용,1500000,546428,17590,468292,1658000,551532,50550,460462
711,국방부,,김정수,476163,177527,12390,208580,532173,170875,10670,165897
712,국방부,,김혁수,240200,752382,18000,50000,733200,656861,16000,430000
713,국방부,,남영신,521204,696385,1800,65677,560004,720819,44100,218745
714,국방부,,부석종,633518,401733,10000,207605,688127,556047,9000,570962
715,국방부,,서욱,452000,201002,35418,456940,461000,265563,28240,490519
716,국방부,,심승섭,232000,656365,2000,170000,156000,734719,1760,170000
717,국방부,,안영호,316800,807223,20000,39337,316800,975932,20000,1200
718,국방부,,원인철,301280,1120303,15110,5821,332280,1224454,13100,831
719,국방부,,이건완,59470,679751,1600,51824,62800,717090,1400,51121
720,국방부,,이석구,1258581,411420,10000,520000,1220285,559728,9000,520000
721,국방부,,이성용,844677,695748,29100,232881,891353,701122,25900,207875
722,국방부,,이왕근,645039,903048,31590,20000,786237,822817,23460,20703
723,국방부,,이정근,128723,405795,13990,43159,130847,513978,12000,35918
724,국방부,,이정기,9150,364102,9400,48702,276440,317863,33000,226995
725,국방부,,이창효,90253,766876,19000,131,90253,766790,19000,131
726,국방부,,전진구,29024,1213168,19000,42997,194424,1242687,15000,112367
727,국방부,,정진경,366000,901208,4900,0,367000,889080,5900,2888
728,국방부,,조종설,582680,508363,35920,42888,489540,632377,31080,23222
729,국방부,,최병혁,532200,255135,6500,95220,559200,266670,5500,75897
730,국방부,,최영철,808128,391003,2500,631510,460854,424433,2500,286028
731,국방부,,최현국,371548,278264,19020,382506,396493,308459,28850,374434
732,국방부,,황성진,525266,1593029,1860,0,556062,1701553,14700,0
733,국방부,,황인권,630930,314987,7500,138127,678530,266180,7500,78127
734,국방부,국방개혁실장,김윤태,332370,427749,15000,0,631106,625814,7293,287156
735,국방부,기획조정실장,김정섭,1858049,188792,54893,475000,3233049,196150,42170,1185000
736,국방부,인사복지실장,이남우,695000,224456,33000,151087,695000,244063,32000,151672
737,국방부,장관,정경두,392000,835138,8600,139800,408000,988420,7940,100000
738,국방부,전력자원관리실장,박재민,212000,99211,9380,10000,218000,106180,7700,0
739,국방부,차관,서주석,489834,715804,10000,154762,490652,770354,9840,166370
740,국방부,합동참모의장,박한기,280000,302138,15500,188000,562000,316129,14500,350000
741,국방부전쟁기념사업회,회장,박삼득,856109,583351,48140,370000,898792,629380,29438,370000
742,국방부주한미군기지이전사업단,단장,김유근,548000,629492,77080,0,548000,654497,58889,0
743,국방부한국국방연구원,원장,노훈,568000,2160045,2090,0,680000,2220669,26800,0
744,국방위원회,수석전문위원,김부년,689036,132745,21860,307911,1022758,136034,21710,576685
745,국세청,차장,이은항,2620177,575686,17450,1203172,2867752,701176,72760,1265437
746,국세청,청장,한승희,1451466,283881,3360,540000,1585797,348571,3160,580000
747,국세청광주지방국세청,청장,김형환,1466088,280687,16350,283000,1466088,285287,16350,283097
748,국세청부산지방국세청,청장,김대지,528379,133959,23060,237754,548739,142197,18882,256103
749,국세청서울지방국세청,청장,김현준,1767314,907283,31520,50000,1266594,1954776,31520,50000
750,국토교통부,교통물류실장,손명수,799200,703566,0,119360,821040,805309,0,149200
751,국토교통부,기획조정실장,김경욱,857931,97390,6000,254540,497342,475494,5000,44540
752,국토교통부,장관,김현미,760261,132556,24000,41360,792527,225887,23820,70789
753,국토교통부,제1차관,박선호,3500533,29839,27800,250712,3725052,33568,26690,450039
754,국토교통부,제2차관,김정렬,766474,82067,2482,468916,819340,91048,1800,470572
755,국토교통부,주택토지실장,이문기,1497250,786216,8360,326819,1497250,893424,44320,325959
756,국토교통부,항공정책실장,권용복,1760881,418745,51500,578720,2059369,334437,49300,669950
757,국토교통부인천국제공항공사,사장,정일영,922200,620465,34470,0,976509,603294,27797,0
758,국토교통부인천국제공항공사,상임감사위원,김길성,391245,585936,7030,0,464141,537718,7030,0
759,국토교통부제주국제자유도시개발센터,상임감사,송기정,43400,16377,5400,66677,43400,29203,4800,60473
760,국토교통부주택도시보증공사,사장,이재광,396572,574773,1860,0,397529,541412,1860,0
761,국토교통부주택도시보증공사,상근감사위원,이재강,948900,213349,0,189250,918900,64692,0,0
762,국토교통부한국감정원,감사,김경대,476460,1119861,100649,93448,455460,1202082,78160,174402
763,국토교통부한국감정원,부원장,정건용,790000,126663,4050,335475,790000,157204,3500,322789
764,국토교통부한국감정원,원장,김학규,1259422,809161,8920,729778,1223149,709252,16060,687971
765,국토교통부한국공항공사,부사장,김명운,568000,514306,7333,210000,328000,528457,7333,0
766,국토교통부한국공항공사,상임감사위원,남동균,1239871,1605269,6040,0,1321799,1667394,4690,0
767,국토교통부한국교통안전공단,이사장,권병윤,2657700,1020538,7930,406486,2861187,974450,8020,405058
768,국토교통부한국국토정보공사,사장,최창학,1117686,744350,100,75000,1166717,1115295,15090,350000
769,국토교통부한국도로공사,사장,이강래,525770,178682,38459,45941,524428,221254,23761,39409
770,국토교통부한국도로공사,상임감사위원,이우종,1112632,209894,1000,219914,1112632,129916,34000,140088
771,국토교통부한국철도공사,부사장,정인수,189000,493863,9000,11603,199000,615811,8000,9636
772,국토교통부한국철도공사,상임감사위원,박종준,1653000,1507277,38500,180000,2224260,1457417,38000,462000
773,국토교통부한국철도시설공단,이사장,김상균,6439173,1334445,183500,539000,7416835,1150330,178100,529000
774,국토교통부한국토지주택공사,부사장,유대진,711233,284869,34000,20000,725807,291954,34000,20000
775,국토교통부한국토지주택공사,사장,박상우,979000,290324,44000,704677,988000,247719,35000,712530
776,국토교통부한국토지주택공사,상임감사위원,허정도,1509223,1359831,0,609500,1580068,1287012,0,636083
777,국토교통위원회,수석전문위원,장대섭,1534456,186501,29980,601850,1303244,208806,27860,145268
778,국회,국회부의장,이주영,1976707,266773,19680,690728,2195244,264795,19660,1071876
779,국회,국회부의장,주승용,6139467,1616409,24800,1020000,7320596,1511062,20000,1832113
780,국회,국회의원,강길부,4845283,87132,1500,1539451,4422927,397395,1500,1059159
781,국회,국회의원,강병원,440000,406654,64520,22899,680000,452310,51480,194040
782,국회,국회의원,강석진,1518484,91512,21090,1098646,1645806,139550,18690,1079864
783,국회,국회의원,강석호,6180107,10595163,106842,124868,6299249,10341955,211140,120000
784,국회,국회의원,강창일,1511844,925604,2510,551799,1521461,893282,2110,550500
785,국회,국회의원,강효상,1449000,1661552,41130,55000,2148000,1289624,33000,2000
786,국회,국회의원,강훈식,50000,385239,0,137235,60000,483543,23820,60697
787,국회,국회의원,경대수,1785125,762351,18244,1840620,2133235,754690,16374,2041896
788,국회,국회의원,고용진,838690,693790,5920,354336,835607,1003757,5730,268593
789,국회,국회의원,곽대훈,932956,937433,5710,134939,1625684,580473,4830,388506
790,국회,국회의원,곽상도,1367410,2096253,53560,110000,1472435,2194676,47490,0
791,국회,국회의원,권미혁,322474,97929,10640,0,330000,144375,0,0
792,국회,국회의원,권성동,1193967,1938523,147260,0,1325967,1931046,141650,0
793,국회,국회의원,권은희,2367541,260244,22300,1715918,2384878,258330,22300,1617738
794,국회,국회의원,권칠승,300000,161282,2850,176320,300000,195018,2000,172964
795,국회,국회의원,금태섭,3678566,2963048,138073,839633,3979032,2503697,148600,943994
796,국회,국회의원,기동민,485000,1522452,1800,15074,485000,1366518,1800,10888
797,국회,국회의원,김경진,707000,396602,32670,302746,807000,500097,60970,324091
798,국회,국회의원,김경협,363623,582380,0,15000,367068,662604,0,15000
799,국회,국회의원,김관영,1595689,494419,33530,418034,1779136,586123,16655,398127
800,국회,국회의원,김광림,4943405,4354636,13740,3680000,5118891,4484629,11620,3600000
801,국회,국회의원,김광수,144180,150050,22070,42083,145179,190895,19500,3349
802,국회,국회의원,김규환,1822725,505632,24530,100000,1876650,481150,21180,100000
803,국회,국회의원,김기선,689715,349235,18080,328775,693647,426844,15610,322490
804,국회,국회의원,김도읍,3661328,373458,9780,920710,3820981,293180,10660,907612
805,국회,국회의원,김동철,798097,1930328,17490,0,882101,2233619,30752,20867
806,국회,국회의원,김두관,309255,378992,28129,255792,312123,353749,22080,209707
807,국회,국회의원,김명연,1974302,509370,36780,725006,2094629,540859,74500,771272
808,국회,국회의원,김무성,2278266,10754732,15150,0,2479065,10667665,15150,0
809,국회,국회의원,김민기,200000,273479,32160,82156,200000,298295,27910,67234
810,국회,국회의원,김병관,6617000,436606230,303020,0,6617000,269436331,309730,0
811,국회,국회의원,김병기,1569000,706885,3985,684066,1558000,1051490,5505,674647
812,국회,국회의원,김병욱,1273751,3628307,15500,130000,2495991,2332717,0,260000
813,국회,국회의원,김삼화,2353368,8558602,63660,1879091,2747031,8723461,73970,1871327
814,국회,국회의원,김상훈,747000,177660,25778,220574,791000,221176,22860,207634
815,국회,국회의원,김상희,605090,768777,21070,192749,615415,841086,20016,148904
816,국회,국회의원,김석기,582735,613681,32330,115000,624073,654726,24900,115000
817,국회,국회의원,김선동,343000,185450,10323,41025,622000,243723,9853,116048
818,국회,국회의원,김성수,425083,196382,20190,210860,642115,325783,16830,552543
819,국회,국회의원,김성식,411000,320418,0,405213,398000,333599,0,382290
820,국회,국회의원,김성원,445000,249044,21580,100000,680000,348237,19310,319240
821,국회,국회의원,김성찬,1641265,450314,60660,284507,1793265,427817,52900,114569
822,국회,국회의원,김성태(金成泰),1938000,927149,0,1305377,2006000,913713,0,1075824
823,국회,국회의원,김성태(金聖泰),1055901,1032045,41840,440000,1150552,1192298,36720,440000
824,국회,국회의원,김성환,273160,317095,600,31000,273160,337040,600,31000
825,국회,국회의원,김세연,26693968,88235556,154430,2706559,30458914,74475803,147450,8386851
826,국회,국회의원,김수민,180000,16077,6300,170900,180000,65952,6300,178657
827,국회,국회의원,김순례,685393,3902918,132630,10000,714992,4139409,54880,44919
828,국회,국회의원,김승희,1598312,875783,8960,63142,1598603,1063403,7400,43901
829,국회,국회의원,김영우,805000,294056,6340,209000,1115000,314508,5990,548846
830,국회,국회의원,김영주,533000,1332108,57640,0,578000,1532782,48690,0
831,국회,국회의원,김영진,296000,481054,4888,0,297000,644774,3500,31477
832,국회,국회의원,김영호,722658,303064,6000,302244,767954,325739,6000,293369
833,국회,국회의원,김용태,444200,703174,4590,162956,488800,770477,3970,61446
834,국회,국회의원,김재경,2359729,915579,16470,1435930,2079634,1001665,14130,1163537
835,국회,국회의원,김재원,1196000,2043229,68280,0,1332000,2196666,56820,0
836,국회,국회의원,김정우,1479000,837210,24500,213500,1307000,1097706,24440,104500
837,국회,국회의원,김정재,364642,338461,18600,273321,405803,328850,15520,215741
838,국회,국회의원,김정호,161956,289999,22940,53279,331956,292710,26637,190777
839,국회,국회의원,김정훈,2099000,1163150,13933,213853,2256000,1376731,12084,219174
840,국회,국회의원,김종대,170000,503789,4510,0,170000,510598,3900,0
841,국회,국회의원,김종민,140100,433232,11940,207576,140100,472620,9850,190178
842,국회,국회의원,김종석,4026630,3002495,269720,317469,4386912,2980259,267600,333387
843,국회,국회의원,김종회,553371,85123,5830,30000,622656,203252,5110,30000
844,국회,국회의원,김종훈,401670,290953,17970,566739,552000,349398,28300,566230
845,국회,국회의원,김중로,92441,259805,0,161080,97822,322792,0,161080
846,국회,국회의원,김진태,2475069,1401242,32950,950000,2767595,1507735,28130,950000
847,국회,국회의원,김진표,1760160,873199,97370,853000,2233440,430786,91680,853000
848,국회,국회의원,김철민,2693463,1098817,28000,1832521,2945003,1258229,25100,1826492
849,국회,국회의원,김태년,591500,312175,7220,240277,590500,386729,45885,281899
850,국회,국회의원,김태흠,845925,172837,19770,159630,850506,165625,16640,176942
851,국회,국회의원,김학용,1488020,401734,25450,50000,1512383,567651,17000,122000
852,국회,국회의원,김한정,1234000,624698,10000,1099962,1224000,626694,10390,1086989
853,국회,국회의원,김한표,376254,300067,19670,742798,366352,255761,22860,726216
854,국회,국회의원,김해영,458000,177421,25380,0,464000,219820,30600,30000
855,국회,국회의원,김현권,383774,339063,251720,110844,560011,294302,167771,83735
856,국회,국회의원,김현아,1406243,968471,18550,543316,1489988,869324,14900,273810
857,국회,국회의원,나경원,4346049,1010848,56420,1750426,4509015,1956373,55350,2167533
858,국회,국회의원,남인순,700000,301218,5660,437000,730000,395590,3013,420000
859,국회,국회의원,노웅래,610000,346590,30830,310036,615000,570125,29289,368836
860,국회,국회의원,맹성규,746000,758775,11140,112000,645000,1141258,40530,5000
861,국회,국회의원,문진국,630829,464064,0,0,630829,495890,0,0
862,국회,국회의원,민경욱,1976000,2023589,17000,1043128,2271000,2006930,13630,1074561
863,국회,국회의원,민병두,754000,624946,16380,34200,780000,755143,14040,30000
864,국회,국회의원,민홍철,1571000,517368,77000,600979,1813000,528160,62070,568914
865,국회,국회의원,박경미,1275755,1402891,30859,121000,1168293,1474659,28859,211689
866,국회,국회의원,박광온,1290000,432403,22650,83970,1352000,406227,19410,37900
867,국회,국회의원,박대출,765000,351211,27380,70000,879000,354449,23480,70000
868,국회,국회의원,박덕흠,28418433,23493744,582547,972820,29743983,22912603,558090,900000
869,국회,국회의원,박맹우,489508,340247,18602,100203,507604,388024,42608,121699
870,국회,국회의원,박명재,880212,1683417,100790,192825,933826,1661654,98840,271047
871,국회,국회의원,박범계,916235,349265,12320,126046,1013038,422646,10760,138531
872,국회,국회의원,박병석,3767129,341555,74150,73000,4256461,329640,64230,43000
873,국회,국회의원,박선숙,583000,370467,0,0,728000,399872,0,100000
874,국회,국회의원,박성중,4583994,1465344,15470,374705,4997568,1424458,32390,902508
875,국회,국회의원,박순자,1401142,106559,51870,686431,1508430,141100,28000,809465
876,국회,국회의원,박영선,2436356,2034069,230000,562492,2481350,2175163,224000,589489
877,국회,국회의원,박완수,761469,827801,35290,0,735651,883482,75790,0
878,국회,국회의원,박완주,429619,417748,28290,0,398432,591699,9010,0
879,국회,국회의원,박용진,390000,412221,15810,18002,530000,528558,12900,23876
880,국회,국회의원,박인숙,296340,1006109,7990,1721,336000,962384,7560,5736
881,국회,국회의원,박재호,610970,437758,8120,144558,611137,478252,7060,124940
882,국회,국회의원,박정,34230054,11579701,21844,19317088,35215031,10399115,21844,16852140
883,국회,국회의원,박주민,642000,380527,0,172773,726000,650789,0,336144
884,국회,국회의원,박주선,1955930,1514158,290820,1978408,2051005,1514954,290740,1976136
885,국회,국회의원,박주현,3136000,2052906,20140,660000,3290074,2399858,0,660000
886,국회,국회의원,박지원,824000,411590,10000,50000,936000,622408,10000,50000
887,국회,국회의원,박찬대,1059000,709121,45250,420601,1058000,861768,15640,377194
888,국회,국회의원,박홍근,230828,301356,1950,134921,236971,403600,1660,112176
889,국회,국회의원,백승주,1817889,455312,33700,250000,1502530,854279,28810,20000
890,국회,국회의원,백재현,2727613,1117784,6000,543296,2799080,1093412,5550,531779
891,국회,국회의원,백혜련,793045,367355,4840,427573,275855,611920,4340,4493
892,국회,국회의원,변재일,1834599,1510075,82560,100000,1996882,1791229,81640,0
893,국회,국회의원,서삼석,1499000,491031,54550,838975,1399000,518039,40100,617400
894,국회,국회의원,서영교,1012203,981018,0,714462,1014288,1216329,0,635753
895,국회,국회의원,서청원,355220,175575,0,126355,379422,154099,0,195532
896,국회,국회의원,서형수,899526,318169,7220,700000,965395,251861,3880,766396
897,국회,국회의원,설훈,486000,316277,10660,301947,345000,551462,9160,253696
898,국회,국회의원,성일종,979852,20627006,0,0,1273228,20162899,0,0
899,국회,국회의원,소병훈,1282603,1116486,665334,382945,1222443,1275187,494592,340063
900,국회,국회의원,손금주,1169600,318850,19040,531560,1152875,309277,16400,571984
901,국회,국회의원,손혜원,2849022,1795562,3162650,2458754,3154327,1407415,3162650,3069115
902,국회,국회의원,송갑석,10000,162379,1500,0,10000,239109,68172,59933
903,국회,국회의원,송기헌,805469,387088,39500,967057,874312,350402,32420,1029462
904,국회,국회의원,송석준,913858,392477,5000,463666,865309,598238,4500,452962
905,국회,국회의원,송언석,3424946,2292376,5000,1400000,3964166,2426556,4000,1450000
906,국회,국회의원,송영길,220000,181100,22010,0,220000,209602,15944,0
907,국회,국회의원,송옥주,170000,308770,2440,0,320000,326731,2370,0
908,국회,국회의원,송희경,1008617,2685036,26600,400000,1139886,3073765,0,500000
909,국회,국회의원,신경민,964797,1951157,18384,80391,1076823,1573629,16794,24289
910,국회,국회의원,신동근,460350,563223,31120,835995,425350,725012,25150,804263
911,국회,국회의원,신보라,82828,347836,2290,1850,330000,443899,21927,99603
912,국회,국회의원,신상진,490000,156100,9059,40000,490000,227720,31364,40000
913,국회,국회의원,신용현,3440817,2656218,54920,459900,3612499,2733257,50160,512000
914,국회,국회의원,신창현,1744000,846489,70590,1185000,1666500,979036,34100,1200000
915,국회,국회의원,심기준,245329,266211,13550,131811,283329,232536,13550,131004
916,국회,국회의원,심상정,495000,84952,12140,227000,1345000,170168,10000,200000
917,국회,국회의원,심재권,2016100,403158,8800,0,2139000,498919,38997,0
918,국회,국회의원,심재철,7764153,737289,16770,2536756,8429883,768359,17876,2395597
919,국회,국회의원,안규백,582000,4451232,11180,58588,582000,4767301,40000,30228
920,국회,국회의원,안민석,399879,637756,9710,120000,684322,540722,8430,80000
921,국회,국회의원,안상수,95290,588055,13000,392999,96120,566738,13000,320999
922,국회,국회의원,안호영,626594,879287,33888,295423,637809,955643,22710,288283
923,국회,국회의원,어기구,395939,158525,18500,228655,400877,109310,16270,188167
924,국회,국회의원,엄용수,724019,390459,30177,669701,735799,360415,25843,445430
925,국회,국회의원,여상규,1412675,4125780,265000,0,2470090,3592727,265000,38990
926,국회,국회의원,염동열,4404132,235856,35041,2954857,4114174,292225,33500,2803162
927,국회,국회의원,오신환,5570488,831622,47500,2842216,5554384,878152,42000,2515835
928,국회,국회의원,오영훈,206526,304393,10000,136008,242936,328224,6000,127774
929,국회,국회의원,오제세,2740505,545868,64666,460600,2778299,565646,52910,486000
930,국회,국회의원,우상호,308481,268234,0,0,376049,300043,13260,0
931,국회,국회의원,우원식,1942994,495702,48530,496000,2013770,618609,46490,586000
932,국회,국회의원,원유철,1543780,349203,48320,1158305,1556120,463350,41510,1735696
933,국회,국회의원,원혜영,706430,741125,7000,310000,615439,699640,7000,312957
934,국회,국회의원,위성곤,311000,568892,14730,257273,327000,529990,13070,264096
935,국회,국회의원,유기준,1787208,1778405,9670,0,1896739,1627817,8410,24709
936,국회,국회의원,유동수,1188265,2560923,0,559760,1415828,2284207,0,297456
937,국회,국회의원,유민봉,615000,518853,14530,86100,704879,577709,12460,86100
938,국회,국회의원,유성엽,771000,435920,40400,155386,771000,450870,54210,85865
939,국회,국회의원,유승민,2570589,2177667,44470,100000,2795486,2488808,38900,550000
940,국회,국회의원,유승희,624015,591213,0,319240,675019,569131,0,233012
941,국회,국회의원,유의동,240000,454664,0,80000,240000,443929,11250,80000
942,국회,국회의원,유재중,910563,1456257,39800,71345,951806,1501242,35900,88061
943,국회,국회의원,윤관석,492919,784691,4500,80000,501173,998505,4000,20000
944,국회,국회의원,윤상직,1213772,1015098,26500,19751,1088425,1118611,42490,35555
945,국회,국회의원,윤상현,1709668,21054967,438500,3815000,1652668,19267414,438500,3815000
946,국회,국회의원,윤소하,89764,319850,55730,116522,217051,218671,49900,185613
947,국회,국회의원,윤영석,917236,169948,33500,618705,907236,170923,33300,618000
948,국회,국회의원,윤영일,1346890,802247,19720,320000,1459650,858704,17060,320000
949,국회,국회의원,윤일규,1712854,427687,73224,1311433,2160343,411689,62804,1648467
950,국회,국회의원,윤재옥,1114000,578759,35500,31070,1257276,642922,27460,13215
951,국회,국회의원,윤종필,813538,872021,13210,40000,942505,958466,11740,30000
952,국회,국회의원,윤준호,749674,529822,0,967800,752674,303211,0,996637
953,국회,국회의원,윤한홍,800000,625739,31910,0,1091000,539382,27440,0
954,국회,국회의원,윤호중,761151,820938,16955,100000,868189,925071,18490,210000
955,국회,국회의원,윤후덕,1612400,960185,11000,599000,1709235,689434,10000,587000
956,국회,국회의원,이규희,445506,174646,0,163133,453506,186278,29600,105115
957,국회,국회의원,이동섭,1293076,272391,82342,243214,1710259,252749,60490,320188
958,국회,국회의원,이만희,979979,1385938,27340,348922,1620818,1157097,40931,573537
959,국회,국회의원,이명수,1014783,364071,35560,852297,1075924,423814,36180,845619
960,국회,국회의원,이상돈,1268000,518462,68535,545016,1372000,1908348,55046,505263
961,국회,국회의원,이상민,1019057,1588867,46354,240000,1054522,1593474,56650,220000
962,국회,국회의원,이상헌,195000,94665,31380,173259,214000,236194,26310,200390
963,국회,국회의원,이석현,1575000,440933,0,740998,872392,364432,0,332685
964,국회,국회의원,이수혁,1361734,383168,0,0,1522660,457837,0,0
965,국회,국회의원,이양수,1056906,539354,8907,585800,1067502,451279,9174,432832
966,국회,국회의원,이언주,3175634,193415,76568,832736,3339639,183631,75068,859915
967,국회,국회의원,이완영,5244584,1234312,46160,358643,4768499,2175171,41930,240000
968,국회,국회의원,이용득,1484364,1691070,0,56000,1579339,1665308,24995,76756
969,국회,국회의원,이용주,4513849,436149,18180,2863397,4747071,450551,15325,2828586
970,국회,국회의원,이용호,709000,1198983,12710,285000,1053000,890392,10980,285000
971,국회,국회의원,이원욱,980993,437158,25040,536597,624001,666658,37470,38067
972,국회,국회의원,이은권,482381,265217,4500,181640,530460,499931,3800,157086
973,국회,국회의원,이은재,4731661,4156391,153960,389303,5184946,3767361,158670,384390
974,국회,국회의원,이인영,650000,294663,1300,200000,667000,412823,23929,200000
975,국회,국회의원,이장우,2004315,270105,21370,1151000,2008191,335926,18400,1103000
976,국회,국회의원,이재정,459359,194880,29069,414095,481888,178278,19300,369579
977,국회,국회의원,이정미,390200,22825,7580,177313,390200,207366,6500,294880
978,국회,국회의원,이정현,1084471,270828,9850,533088,1396824,579845,8350,394150
979,국회,국회의원,이종걸,1136000,1478563,9050,141630,1249000,1669828,7990,83595
980,국회,국회의원,이종구,1255779,435335,165775,51285,1462736,461453,153070,0
981,국회,국회의원,이종명,1268931,326706,12090,540000,1271430,446602,18195,540000
982,국회,국회의원,이종배,1023138,713398,5356,0,1152143,902214,7010,0
983,국회,국회의원,이진복,922000,495483,34121,235426,940000,486704,48451,153591
984,국회,국회의원,이찬열,664679,465843,107240,244410,672926,521851,122390,217764
985,국회,국회의원,이채익,887269,376921,42000,178212,921558,435270,18850,132442
986,국회,국회의원,이철규,5328875,818538,54120,3512875,5400879,346427,60690,3044399
987,국회,국회의원,이철희,820000,325483,30860,0,820000,471570,21780,0
988,국회,국회의원,이춘석,323444,464254,44750,184693,350528,557121,44750,170021
989,국회,국회의원,이태규,450000,396227,28080,89828,340000,478308,28080,43812
990,국회,국회의원,이학영,774106,1339076,65630,35000,1163721,1044958,55060,45000
991,국회,국회의원,이학재,5216522,761150,0,1396238,5258575,779023,0,1469830
992,국회,국회의원,이해찬,698000,417202,31451,320000,761964,955691,25260,309736
993,국회,국회의원,이헌승,1973495,992158,58780,825774,2709848,1502392,72520,814680
994,국회,국회의원,이현재,693980,900032,14190,231186,824250,988227,10700,278345
995,국회,국회의원,이혜훈,2907647,3224364,85773,122847,2940502,3180742,152460,192000
996,국회,국회의원,이후삼,499000,276030,23500,871902,532000,271035,22500,848805
997,국회,국회의원,이훈,948000,722784,6000,378368,1103000,703371,6000,308160
998,국회,국회의원,인재근,424000,1256102,3912,0,641646,1283353,15860,0
999,국회,국회의원,임이자,385000,401081,6324,154219,385000,416646,6324,8590
1000,국회,국회의원,임재훈,1620591,513884,15000,954614,1620591,525864,15000,998331
1001,국회,국회의원,임종성,298010,350373,44840,243636,311398,431745,38450,401079
1002,국회,국회의원,장병완,3547700,5414630,151790,800000,5394363,4036828,127670,819114
1003,국회,국회의원,장석춘,1156853,318082,7890,344453,1212694,252185,6615,336298
1004,국회,국회의원,장정숙,736617,206284,10660,739656,741617,214716,43520,727717
1005,국회,국회의원,장제원,2772261,726701,170680,1111634,3312220,642567,160640,1721277
1006,국회,국회의원,전재수,132400,320847,15570,54439,229488,415734,14160,55562
1007,국회,국회의원,전해철,1925484,1769252,48232,1284940,762990,2907556,44980,151394
1008,국회,국회의원,전현희,1155610,545120,0,488071,2135519,354992,0,509608
1009,국회,국회의원,전혜숙,525000,615580,16580,58879,523000,813850,12590,49689
1010,국회,국회의원,전희경,180000,295111,0,217634,180000,411912,0,249562
1011,국회,국회의원,정갑윤,762280,374235,104000,495212,759434,327385,96570,405769
1012,국회,국회의원,정동영,1904558,247401,69360,1023862,2496288,405688,62200,1480252
1013,국회,국회의원,정병국,969302,298092,80220,726370,992354,350255,126370,808379
1014,국회,국회의원,정성호,737643,3214795,57600,248993,799698,3397765,48920,448878
1015,국회,국회의원,정세균,4880417,78531,13750,599961,4738315,750318,77500,604807
1016,국회,국회의원,정양석,419500,1134914,7600,0,419500,1204808,7600,0
1017,국회,국회의원,정용기,779860,2181450,0,290000,848017,2309904,0,290000
1018,국회,국회의원,정우택,2733875,4059099,52480,0,4257795,3785023,51190,64600
1019,국회,국회의원,정운천,1349455,1254627,28598,466518,1346039,1255438,28598,416543
1020,국회,국회의원,정유섭,1738972,5180538,31660,637760,1716733,5121123,58700,670000
1021,국회,국회의원,정인화,588149,1301708,12200,49885,639287,1258685,30150,96882
1022,국회,국회의원,정재호,932000,1195523,59240,489375,1061000,1303540,50240,485838
1023,국회,국회의원,정종섭,3248797,739108,97006,884167,3699058,632048,115560,863069
1024,국회,국회의원,정진석,5395284,2174708,275010,1400000,5812237,2181551,149604,1400000
1025,국회,국회의원,정춘숙,572000,685490,5120,255053,415000,642032,1480,9263
1026,국회,국회의원,정태옥,1768000,439121,4042,779134,2226000,401086,4342,1212152
1027,국회,국회의원,제윤경,287174,210731,442,238518,307465,204830,5980,205589
1028,국회,국회의원,조경태,570000,560628,0,139200,570000,600864,0,94830
1029,국회,국회의원,조배숙,1556270,371984,151717,114200,2355320,243579,117060,719563
1030,국회,국회의원,조승래,491108,483806,19060,93789,532021,677144,36720,101138
1031,국회,국회의원,조원진,568600,676977,21140,515324,568600,647473,17940,496809
1032,국회,국회의원,조응천,2076998,1713525,118580,540000,2526826,1598917,124550,640000
1033,국회,국회의원,조정식,503000,722770,22810,230906,512000,704333,16990,210286
1034,국회,국회의원,조훈현,1969798,702355,304090,540530,2152108,652525,290040,530861
1035,국회,국회의원,주광덕,830558,187530,118720,93447,862203,264293,93493,101500
1036,국회,국회의원,주호영,2772000,622501,16890,963000,3130000,472627,10150,630000
1037,국회,국회의원,지상욱,3500000,2058198,488960,311751,4136000,2031523,298940,940000
1038,국회,국회의원,진영,6251113,1882209,38740,1969999,6234627,2224030,31780,1929999
1039,국회,국회의원,채이배,413064,591903,3000,211200,465378,896630,3000,215386
1040,국회,국회의원,천정배,1087915,188196,28630,473000,1106697,136091,24550,432683
1041,국회,국회의원,최경환,238000,190396,8010,129765,457000,252351,6950,251077
1042,국회,국회의원,최교일,3412834,20418012,0,537926,2996846,22882959,75090,441000
1043,국회,국회의원,최도자,286502,424207,33166,76897,307216,482319,21940,177293
1044,국회,국회의원,최연혜,1269641,1436160,14668,360156,1328653,1450454,12957,343802
1045,국회,국회의원,최운열,1804066,2110365,650530,122556,1622637,2339794,641200,45815
1046,국회,국회의원,최인호,633000,414069,41890,50772,658000,508589,36020,28577
1047,국회,국회의원,최재성,374000,204944,14950,56167,744000,217285,46371,307733
1048,국회,국회의원,추경호,1405000,1609399,7180,0,1405000,1617505,6150,0
1049,국회,국회의원,추미애,1176652,501169,44210,329577,1232009,548770,34480,350739
1050,국회,국회의원,추혜선,524236,235616,38040,412388,525712,225201,36011,375617
1051,국회,국회의원,표창원,286000,289442,0,25552,286000,296482,0,19685
1052,국회,국회의원,하태경,953781,511585,19500,583818,1188650,499985,13200,818081
1053,국회,국회의원,한선교,792920,485038,66840,0,828624,443880,56990,0
1054,국회,국회의원,한정애,520000,282885,7580,0,550000,466401,42450,0
1055,국회,국회의원,함진규,518230,192640,30020,314924,656920,178451,26600,626547
1056,국회,국회의원,홍문종,11487171,2802293,94680,6785485,12319493,2799889,144080,6862127
1057,국회,국회의원,홍문표,480670,526444,17920,0,494950,567251,15620,30000
1058,국회,국회의원,홍영표,477274,499008,15230,97206,490106,612137,0,86585
1059,국회,국회의원,홍의락,1993589,739659,46970,0,2093098,772942,43700,0
1060,국회,국회의원,홍익표,1254650,650404,33690,419714,1315650,683221,64080,358949
1061,국회,국회의원,홍일표,2603585,2629772,55000,417500,2841528,2582793,62000,417500
1062,국회,국회의원,홍철호,1366403,4311132,130160,389000,1320174,4815781,92910,0
1063,국회,국회의원,황영철,284000,314146,9000,0,314000,292031,9000,0
1064,국회,국회의원,황주홍,3002409,1290168,57310,1290000,3211287,1368922,45950,1330000
1065,국회,국회의원,황희,400000,107821,53246,295123,400000,170734,39550,235960
1066,국회,국회의장,문희상,3316467,314120,19981,3463772,3328663,349738,36100,3453779
1067,국회,정책연구위원,안병일,281000,21217,20900,204583,295000,30560,19140,198083
1068,국회,정책연구위원,오기형,1002443,864940,4750,0,1046443,771365,4750,0
1069,국회,정책연구위원,이재성,860542,468610,38000,476193,860542,526981,38000,463269
1070,국회,정책연구위원,이한규,143000,42744,12320,98857,162000,29742,10760,101748
1071,국회,정책연구위원,정춘생,400000,185442,2530,585,400000,220596,2530,0
1072,국회도서관,국회도서관장,허용범,825655,189814,16720,363000,843800,346980,14100,503000
1073,국회도서관,의회정보실장,최시억,395000,233430,10000,219987,395004,235229,9800,219987
1074,국회사무처,관리관,박철규,693894,385888,1850,182509,725151,428366,1570,188280
1075,국회사무처,국회사무총장,유인태,433143,1038687,7020,100000,1003143,886255,5940,510000
1076,국회사무처,법제실장,이용준,1172946,122810,35000,587017,1276050,144915,34690,727368
1077,국회사무처,사무차장,김수흥,944679,310952,7480,355943,983459,350808,7230,307336
1078,국회사무처,의장비서실장,박수현,0,28880,0,257650,0,30067,0,255550
1079,국회사무처,입법차장,한공식,1814095,686177,25500,0,2164915,690683,21600,190000
1080,국회예산정책처,국회예산정책처장,김춘순,900000,515411,19500,76339,2640000,115341,16000,1227210
1081,국회예산정책처,예산분석실장,이승재,406373,595458,13000,17611,434823,633178,12390,22145
1082,국회예산정책처,추계세제분석실장,정문종,208355,301665,17490,366,208964,305779,16000,0
1083,국회운영위원회,수석전문위원,김승기,667000,827873,45500,430000,724000,872228,42980,430000
1084,국회입법조사처,입법조사처장,이내영,1985080,3083161,14000,275388,1314234,4431256,13000,311299
1085,국회입법조사처,정치행정조사실장,김영일,217000,15708,11450,207230,245000,20765,9840,196129
1086,군사망사고진상규명위원회,위원장,이인람,2632580,504983,116500,1616959,2632580,509603,116500,1616959
1087,금융위원회,부위원장,김용범,736000,238030,7720,0,1237994,655572,36580,0
1088,금융위원회,사무처장,손병두,640000,1313659,15440,500000,1096000,483836,14380,0
1089,금융위원회,상임위원,이성호,590868,1654786,2950,358478,590868,872804,2950,138832
1090,금융위원회,위원장,최종구,962062,508138,4390,0,1130024,589518,3640,0